American Airlines	https://aa.com			Travel & Hospitality																														
Best Buy	https://bestbuy.com			E-commerce & Retail																														
Airlo	https://airalo.com		First eSIM unicorn ($1B+ valuation, $220M CVC-led Series C, Jul 2025) scaling to 30M+ travelers across 200+ countries, but checkout supports only 13 display currencies and a card-heavy global flow - prime cross-border approval + local-APM orchestration play (https://www.cvc.com/media/news/2025/airalo-becomes-the-first-esim-unicorn-with-an-investment-round-of-220m/).	Telecom & Connectivity		World's largest travel eSIM marketplace - sells local, regional & global prepaid mobile-data eSIM plans for travelers in 200+ countries/regions (https://en.wikipedia.org/wiki/Airalo).	B2C digital-goods marketplace (prepaid eSIM via app/web) + Airmoney rewards/stored-value wallet; also B2B Airalo for Business + Airalo Partners white-label for MNOs/MVNOs (https://partners.airalo.com/industries/mvno).	Mid-Market (scaling toward Enterprise; $331M net revenue 2024, 30M customers, ~391 employees)	Global (200+ countries/regions); top single market = United States (https://www.similarweb.com/website/airalo.com/).	Singapore (operational HQ); incorporated Delaware, USA; founded 2019 (https://en.wikipedia.org/wiki/Airalo).	~391 employees (Tracxn, Jun 2026; ~367 in 2023) (https://tracxn.com/d/companies/airalo).	Private (VC-backed unicorn) (https://www.cvc.com/media/news/2025/airalo-becomes-the-first-esim-unicorn-with-an-investment-round-of-220m/).	2024 net revenue $331M, $123M gross profit, $52M EBITDA, ~100%+ YoY (2023 ~$150M); GMV not disclosed (https://www.forbes.com/sites/yessarrosendar/2025/07/11/singapores-airalo-becomes-unicorn-after-raising-220-million-in-cvc-led-round/).	Top countries: US 28.71%, Canada 6.75%, UK 6.48%, Australia 5.64%, Germany 5.05% (~4.3M visits/mo; ~71% non-US) (https://www.similarweb.com/website/airalo.com/).	No public evidence naming a PSP/acquirer. Privacy policy references only generic 'external service providers ... processing of payments' (https://www.airalo.com/more-info/privacy-policy). Broad method set consistent with a large global PSP (Stripe/Adyen) but unconfirmed.	No public evidence of an orchestrator; privacy policy and help center name no orchestration layer (https://www.airalo.com/more-info/privacy-policy).	Not found / No public evidence - number of processors not disclosed	Confirmed (help center): Visa, Mastercard, Amex, UnionPay, JCB; PayPal; Apple Pay (not all countries); Google Pay; Alipay (app only); Airmoney. 13 display currencies (USD, EUR, GBP, AUD, CAD, JPY, SGD, PLN, NOK, DKK, SEK, CHF, NZD) (https://www.airalo.com/help/getting-started-with-airalo/E8DFWD88SHUX/what-payment-methods-do-you-accept/ZO8WP8OSR37I).	Mixed: complaints on refund difficulty (refunds up to 30 business days; only for unusable/unactivated eSIMs within 14/30-day windows), activation and support responsiveness (https://esim.holafly.com/how-to/airalo-refund/).	Holafly, Nomad, Saily (Nord Security), Yesim, Ubigi, MobiMatter. No public evidence any competitor uses an orchestrator (https://mobimatter.com/blog/best-esims-for-travel-definitive-esim-comparison-guide/).	$220M Series C led by CVC at $1B+ (first eSIM unicorn, Jul 2025); ~$287M raised total (CVC, Peak XV, Antler, e&, Telefonica/Wayra, Orange, Rakuten, Singtel Innov8); surpassed 30M customers (Jun 2026); building finance org (hiring Finance Transformation Director / CFO-org roles) (https://www.businesswire.com/news/home/20260602772531/en/Airalo-Surpasses-30-Million-Customers-as-Global-eSIM-Adoption-Accelerates).	Pain: travelers in 200+ countries buy on a card-heavy checkout with only 13 currencies - cross-border card share very high, driving FX cost + issuer declines. Yuno: smart routing (+7%) + local acquiring. Best case: on $331M net revenue, a 2-3pt approval lift = ~$7-10M+ incremental at near-zero CAC.	Pain: 30M customers, ~100% YoY on a single/opaque processor = concentration + outage risk on impulse, time-sensitive purchases. Yuno: failover + cascading retries + 50% recovery. No named orchestrator or Head of Payments = greenfield.	Pain: thin local-APM coverage (beyond PayPal, Apple/Google Pay, app-only Alipay) despite 71% non-US traffic and local-eSIM SKUs (UPI/India, Pix/Brazil, OXXO/SPEI/LatAm, iDEAL/EU, GrabPay/SEA). Yuno: 1,000+ methods add local APMs per geography.	Fresh $220M Series C (Jul 2025), first eSIM unicorn, ~100%+ YoY, 30M customers (Jun 2026), actively expanding CFO/finance org - payments cost, approval rate and APM coverage are board-level scaling levers.	16	1	Prospecting	Ahmet Bahadir Ozdemir - Co-Founder & CEO (https://www.techfundingnews.com/airalo-raises-220m-esim-unicorn-founder-ahmet-bahadir-ozdemir/).	Abraham Burak - Co-Founder & COO (https://theorg.com/org/airalo/teams/leadership-team).	Not found (no publicly named Head of Payments); a CFO org exists (Lever posts show Finance Transformation Director reporting to CFO) but name not public (https://jobs.lever.co/airalo/f14f4fc6-27ba-48e9-b656-ccdda38807ea).	Angle: 'You just became the first eSIM unicorn selling to 30M travelers across 200+ countries - yet checkout runs on ~13 currencies and a card-heavy global flow. Cross-border declines + missing local APMs (Pix, UPI, OXXO, iDEAL) silently cap conversion in your 71% non-US traffic. Yuno orchestrates one API across processors + 1,000+ methods, +7% approval + 50% recovery - a 2-3pt lift on $331M is ~$8M+ at near-zero CAC.' Target founders/CFO org while payments is greenfield.	HIGH on funding/valuation, what-they-do, revenue, APM list, currencies, traffic, customer count. LOW/Not found: exact PSP & acquirer (P), orchestrator (Q), number of processors (R), GMV (N), named payments contact (AF). P&L via secondary source.	No
Delta Air Lines	https://www.delta.com/			Travel & Hospitality																														
Boss Revolution (IDT)	https://bossrevolution.com		BOSS Money (IDT's remittance brand) funds transfers via US cards + ACH into 40+ payout corridors; documented declined-funding complaints + 40% YoY digital send-volume growth = pay-in approval-rate + acquirer-resilience play. Yuno smart routing (+7%, 50% recovery) recovers failed US-card-funded sends (https://www.idt.net/idt-corporation-reports-fourth-quarter-and-fiscal-year-2025-results-2/).	Telecom & Connectivity		Boss Revolution is IDT Corporation's consumer brand for low-cost international calling (PINless), international mobile top-up, and money transfer (BOSS Money remittance app). Serves US immigrant/diaspora communities (https://www.bossrevolution.com/en-us/about-us).	Consumer fintech/telecom. Revenue from per-transaction remittance fees + FX spread (BOSS Money), calling minutes, top-up margin. Operated by IDT Payment Services (licensed US money transmitter) (https://www.idt.net/services/).	Enterprise	United States (95.44% of web traffic; senders US-based diaspora) (https://www.similarweb.com/website/bossrevolution.com/).	Newark, New Jersey, USA (parent IDT Corporation) (https://en.wikipedia.org/wiki/IDT_Corporation).	IDT Corporation ~1,800-1,890 employees (2023) (https://en.wikipedia.org/wiki/IDT_Corporation).	Public - parent IDT Corporation trades on NYSE: IDT	IDT FY2025 revenue $1.23B (+2%). BOSS Money digital revenue $99.0M (+36%); Fintech income $15.4M (+88%), Adj EBITDA $18.4M (+267%) (https://www.idt.net/idt-corporation-reports-fourth-quarter-and-fiscal-year-2025-results-2/).	Top countries (Similarweb): US 95.44%, Nigeria 0.57%, Puerto Rico 0.55%, UK 0.26%, Guatemala 0.21% (https://www.similarweb.com/website/bossrevolution.com/).	No public evidence of card acquirer/PSP on pay-in. Confirmed: Plaid for bank-account (ACH) verification; IDT Payment Services is a licensed money transmitter handling payout. Card-funding processor undisclosed (https://www.bossrevolution.com/en-us/boss-money-app-faq).	No public evidence of a card-acquiring/pay-in orchestrator. IDT runs its own multi-rail payout network (bank/cash/wallet/Pix/UPI/MonCash), but that is money-transmitter payout, not acquiring orchestration (https://www.bossrevolution.com/en-us/boss-money-app-faq).	Not found / No public evidence of multiple card-acquiring processors on pay-in (https://www.bossrevolution.com/en-us/boss-money-app-faq).	Pay-in: Visa/Mastercard/Discover debit & credit (Amex for top-ups), US ACH via Plaid, Apple Pay, Google Pay. Payout: bank deposit, cash pickup, mobile wallet, direct-to-debit, home delivery, Pix (Brazil), UPI (India), MonCash (Haiti) (https://www.bossrevolution.com/en-us/boss-money-app-faq).	Yes - BBB/ComplaintsBoard/Trustpilot: card/transfer declined by bank yet funds debited; multiple declined transfers; top-ups paid but not credited; delayed/failed refunds (up to 4 months); unauthorized withdrawals (https://www.bbb.org/us/nj/newark/profile/telecommunications/idt-corporation-0221-29000773/complaints).	Remitly, Wise, Xoom (PayPal), WorldRemit/Zepz, MoneyGram, Western Union, Ria, Sendwave; calling/top-up Rebtel, Ding. Some rivals (WU, MoneyGram) use orchestration/multi-acquirer (https://www.similarweb.com/website/bossrevolution.com/competitors/).	BOSS Money digital send volume +40% YoY (FY2025 & +40% again 3Q FY2026); expanded African corridors (Naira payout, MonCash); ranked #1 US digital money-transfer app 2 yrs running (Jul 2026) (https://www.idt.net/idt-corporation-reports-third-quarter-fiscal-year-2026-results/).	Pain: public complaints show US card-funded sends declined (money debited, transfer failed) - remittance is a high-decline MCC. Yuno: smart routing +7%, ~50% recovery. Best case: recovering declined US-card sends converts to remittance revenue on a segment growing 40%/yr, cutting refund/dispute complaints.	Pain: no public evidence of multi-acquirer pay-in orchestration; single/undisclosed acquirer = concentration + failover risk as digital volume compounds 40% YoY and Fintech becomes IDT's profit driver. Yuno: one-API multi-acquirer routing + retry/failover + A/B cost routing.	Pain: as a money transmitter, heavy KYC/AML + fraud tooling alongside card acceptance; any non-US send expansion needs local pay-in. Yuno: consolidates PSPs + antifraud + KYC/KYB into one layer + 1,000+ local APMs for new markets.	BOSS Money send volume +40% YoY (3Q FY2026), Fintech profitable + strategic; IDT raised FY2026 Adj EBITDA guidance to $150-152M with explicit cost focus; named #1 app Jul 2026 = receptive to an approval-rate/cost lever on pay-in (https://www.idt.net/idt-corporation-reports-third-quarter-fiscal-year-2026-results/).	13	2	Prospecting	Alfredo O'Hagan - SVP, IDT Payment Services / Consumer Payments (ex-Amex/Western Union/MoneyGram/Xoom) - primary payments buyer (https://imtconferences.com/alfredo-ohagan/).	Esti Witty - EVP of Product, BOSS Money (https://www.idt.net/boss-money-app-crowned-1-digital-money-transfer-service-for-second-consecutive-year/).	Marcelo Fischer - CFO, IDT Corporation (economic buyer for cost/margin case) (https://theorg.com/org/idt/teams/leadership-team-1).	Lead to Alfredo O'Hagan (SVP Payment Services): open on public declined-transfer complaints + remittance being a high-decline MCC, then quantify recovery - Yuno's +7% / 50% recovery on BOSS Money's 40%-growing US-card send volume + multi-acquirer failover. His ex-Xoom/WU background = speaks orchestration natively. Frame as pay-in approval + cost lever (not payout/MTL replacement).	Medium-High. Well-sourced: structure, financials, funding/payout methods, complaints, contacts, catalyst. Low: P (card acquirer undisclosed), R (not found), Q (inferred absent), L (2023 vintage).	No
ComCast	https://www.xfinity.com/			Telecom & Connectivity																														
WOM	https://wom.com.co			Telecom & Connectivity																														
Lowe's	https://www.lowes.com/			E-commerce & Retail																														
Bait	https://bait.mx			Telecom & Connectivity																														
Tripadvisor	https://www.tripadvisor.com/			Media & Streaming																														
Surf Telecom	https://surftelecom.com.br			Telecom & Connectivity																														
Virgin Mobile Latin America	https://virginmobilelatam.com			Telecom & Connectivity																														
edX (2U)	https://edx.org			Education																														
Platzi	https://platzi.com			Education																														
Domestika	https://domestika.org			Education																														
Poliglota	https://poliglota.org			Education																														
UBITS	https://ubits.com			Education																														
Kiwify	https://kiwify.com.br			Education																														
Código Facilito	https://codigofacilito.com			Education																														
DEV.F	https://devf.la			Education																														
Bedu	https://bedu.org			Education																														
Desafío Latam	https://desafiolatam.com			Education																														
Digital House	https://digitalhouse.com			Education																														
Slang	https://slangapp.com			Education																														
AmazingTalker	https://amazingtalker.com			Education																														
MindHub	https://mindhub.com			Education																														
Passline	https://passline.com			Marketplaces & Services																														
Boletia	https://boletia.com			Marketplaces & Services																														
TuBoleta	https://tuboleta.com			Marketplaces & Services																														
Puntoticket	https://puntoticket.com			Marketplaces & Services																														
Joinnus	https://joinnus.com			Marketplaces & Services																														
Eventbrite	https://eventbrite.com			Marketplaces & Services																														
Ingresse	https://ingresse.com			Marketplaces & Services																														
Ticket360	https://ticket360.com.br			Marketplaces & Services																														
Ticketplus	https://ticketplus.cl			Marketplaces & Services																														
Bilheteria Digital	https://bilheteriadigital.com			Marketplaces & Services																														
Ticketera	https://ticketera.com			Marketplaces & Services																														
TicketMundo	https://ticketmundo.com			Marketplaces & Services																														
Tickeri	https://tickeri.com			Marketplaces & Services																														
Uber	https://uber.com			Marketplaces & Services																														
DiDi	https://didiglobal.com			Marketplaces & Services																														
99	https://99app.com			Marketplaces & Services																														
Kavak	https://kavak.com			Marketplaces & Services																														
Picap	https://picap.co			Marketplaces & Services																														
Mottu	https://mottu.com.br			Marketplaces & Services																														
Blacklane	https://blacklane.com			Marketplaces & Services																														
Awto	https://awto.com			Marketplaces & Services																														
Turbi	https://turbi.com.br			Marketplaces & Services																														
Kinto Share	https://kinto-mobility.com.br			Marketplaces & Services																														
Avianca	https://avianca.com		Avianca already runs CellPoint Digital's Velocity orchestration (5 PSPs, 40+ acquirers, 40+ methods, 6 channels) since 2021, hook is orchestration displacement/benchmarking: Yuno smart routing (+7% approval, 50% recovery) + deeper LATAM local APMs, timed to Abra Group's 2026 US IPO cost scrutiny (https://www.prnewswire.co.uk/news-releases/avianca-appoints-cellpoint-digital-for-ambitious-payment-orchestration-project-839939467.html).	Travel & Hospitality		Colombia's flagship airline; passenger air travel, cargo, and LifeMiles loyalty across the Americas + Europe; part of Abra Group (with Gol, Wamos, SKY) (https://en.wikipedia.org/wiki/Avianca).	Airline, B2C ticket sales (web/app/chatbot) + B2B/distributors/travel-agency + traditional (call center, airport/city offices); ancillary, cargo, loyalty; hybrid low-cost model since 2023.	Enterprise	Colombia (HQ market); pan-LATAM, 145+ destinations across ~28 countries in the Americas + Europe (https://en.wikipedia.org/wiki/Abra_Group).	Bogota, Colombia (registered office Barranquilla); parent Abra Group HQ St Albans, England (https://en.wikipedia.org/wiki/Avianca).	Abra Group ~30,000 employees (Dec 2025); Avianca standalone not separately disclosed (https://en.wikipedia.org/wiki/Abra_Group).	Private, Avianca delisted after Dec-2021 Chapter 11 exit; parent Abra Group private with US IPO targeted 2026 (NYSE) (https://valorinternational.globo.com/business/news/2025/10/20/abra-eyes-ipo-in-the-us-as-a-corporation-by-2026.ghtml).	Abra Group pro forma revenue US$9.7B (2025, combined Avianca+Gol+Wamos); Avianca FY2024 EBITDAR ~US$1.27B (28% margin); Avianca standalone revenue not separately disclosed (https://en.wikipedia.org/wiki/Abra_Group).	Not found (SimilarWeb not accessed); primary online market Colombia (avianca.com.co, PSE Colombia-only).	Orchestrated via CellPoint Digital, 5 PSPs + 40+ acquirers integrated (specific names not disclosed); Colombia rails Nequi/Bancolombia/PSE via WePago gateway [confirmed, vendor PR] (https://www.cellpointdigital.com/articles/newsroom/avianca-ambitious-payment-orchestration-project).	YES, uses CellPoint Digital Velocity Payment Orchestration Platform across all channels/markets since March 2021 (dynamic routing, retries, multi-currency, installments, tokenization). NOT UATP/Amadeus (https://www.prnewswire.co.uk/news-releases/avianca-appoints-cellpoint-digital-for-ambitious-payment-orchestration-project-839939467.html).	Yes, 5 PSPs and 40+ acquirers integrated via CellPoint orchestration.	Cards (credit/debit, any issuer), PSE (Colombia), Nequi, Bancolombia, vouchers & LifeMiles, installments, split payments, multi-currency, plus 40+ methods incl. global e-wallets and LatAm/European local options (25+ new deployed via CellPoint).	Not found, no verified payment-specific complaints surfaced (general post-bankruptcy refund grievances exist but unverified for payment failures).	Competitors: LATAM Airlines Group, Copa Airlines, Wingo, JetSMART, SKY (now Abra-owned), Gol (sister carrier). Orchestration users: LATAM and many airline peers commonly run orchestration (CellPoint's airline-heavy client base).	Abra Group formed Feb 2022 (Avianca+Gol); acquired Wamos Air Oct 2024; agreement to acquire Chile's SKY Airline Nov 2025; fleet orders (up to 7 A330neo + 50 A320neo Oct 2025, 45 Embraer E195-E2 Jul 2026); US IPO planned 2026 (https://aerotime.aero/articles/avianca-gol-owner-abra-group-sky-airline-acquisition).	Cross-border LATAM acquiring: Avianca sells across ~28 countries but local-acquirer/APM depth in secondary markets (Peru, Ecuador, Costa Rica, Central America) typically lags the CellPoint core; Yuno's 1,000+ methods + local acquirer connections lift local approval and cut cross-border decline/FX leakage. Best case: local approval uplift in secondary LATAM markets on a $9.7B GMV base.	Group-wide consolidation: post-Gol/SKY/Wamos, Abra runs multiple disparate payment stacks (Gol Brazil, SKY Chile, Wamos Spain); Yuno as a single group-wide orchestration + reconciliation layer unifies PSPs/acquirers across all carriers ahead of the 2026 IPO.	Approval/recovery benchmark: pitch a controlled A/B vs incumbent, Yuno smart routing (+7% approval) and 50% recovery on failed transactions; even a 1-2 pt approval lift on billions of ticket GMV is large absolute incremental revenue, framed as an uplift test, not a rip-and-replace.	Abra Group targeting US IPO 2026 (margin/cost scrutiny); SKY Airline acquisition (Nov 2025) + Wamos (2024) integration; low-cost model shift (2023) and heavy fleet capex all pressure payment economics now.	12	2	Prospecting	Alvaro Rosales, Payment Methods Manager, Avianca (named in 2021 CellPoint PR; verify still in role) (https://www.prnewswire.co.uk/news-releases/avianca-appoints-cellpoint-digital-for-ambitious-payment-orchestration-project-839939467.html)	Adrian Neuhauser, CEO, Abra Group (former Avianca CEO) (https://en.wikipedia.org/wiki/Abra_Group)	Not found, Avianca CFO / Head of Digital / Head of Payments (verify on LinkedIn)	Lead with orchestration benchmarking, NOT 'you lack an orchestrator': acknowledge CellPoint, then pitch (1) an approval-rate/recovery uplift A/B test, (2) deeper LATAM local-APM/acquiring coverage in secondary markets, and (3) group-wide payment consolidation across the Abra portfolio ahead of the 2026 IPO. Target the payments lead (Rosales) with CFO/Head of Digital cc'd.	Medium-high on orchestration/structure (multiple primary sources). Low-confidence: N (Avianca standalone revenue), L (current Avianca employees), O (traffic geo), AD (contact still in role), T (complaints), AF (CFO).	No
Gol Linhas Aéreas	https://voegol.com.br		GOL ALREADY orchestrates payments via CellPoint Digital (Velocity platform) and expanded APMs on 11 Aug 2025 (Apple Pay, Google Pay, Mercado Pago, NuPay), a category-validated orchestration buyer, but on a Yuno competitor. Wedge is NOT 'you lack an orchestrator'; it is (a) Abra group-wide consolidation (GOL+Avianca+Wamos) and (b) post-Ch11 margin/approval optimization on Brazil local rails (https://www.cellpointdigital.com/articles/newsroom/cellpoint-digital-to-orchestrate-payments-for-gol).	Travel & Hospitality		Brazil's largest low-cost carrier; domestic + intl scheduled passenger air service across South America (fleet ~146 aircraft, 81 destinations, ~30.8M pax 2023) (https://en.wikipedia.org/wiki/Gol_Linhas_Aereas).	B2C low-cost airline (ticket sales + ancillaries); Smiles loyalty program; part of Abra Group (also owns Avianca, Wamos Air).	Enterprise	Brazil	Sao Paulo, Brazil (IR HQ: R. Verbo Divino, 1661, Chacara Santo Antonio). Wikipedia infobox lists Rio de Janeiro (operational base); corporate/IR HQ is Sao Paulo.	~14,000-17,000 (13,969 in 2021 per Wikipedia; ~14,700 Mergr; 17,374 RocketReach).	Historically public, B3 'GOLL4' and NYSE ADR 'GOL' (2004-2024). NYSE delisted during Ch11 (2024); B3 delisting announced ~Oct 2025 as Abra took majority; effectively going private under Abra, with a potential future international IPO.	R$19.1B (2024, Mergr); R$18.7B (2023, Wikipedia); ~US$3.3B (RocketReach) (https://en.wikipedia.org/wiki/Gol_Linhas_Aereas).	Not found (no SimilarWeb pull). Traffic Brazil-dominant (domestic-heavy LCC), with intl service across South America.	Payments routed through CellPoint Digital's Velocity orchestration platform [orchestrator-confirmed]. Underlying acquirers/PSPs not publicly disclosed (No public evidence found for named acquirer) (https://www.cellpointdigital.com/articles/newsroom/cellpoint-digital-to-orchestrate-payments-for-gol).	YES, CellPoint Digital (Velocity) is GOL's confirmed payment orchestrator; scaling toward ~2M monthly transactions. NOT Yuno/Amadeus.	Yes, orchestration is inherently multi-acquirer/multi-processor; supports cards, boleto/bank slip, funds transfer, Mercado Pago, NuPay, Apple/Google Pay (https://thepaypers.com/payments/news/cellpoint-digital-launches-new-payment-methods-for-gol-linhas-aereas).	Confirmed: credit card, debit card, bank slip (boleto), 'funds transfer' per GOL site; plus Apple Pay, Google Pay, Mercado Pago, NuPay added 11 Aug 2025 via CellPoint. PIX (via funds transfer/Mercado Pago/NuPay) and card installments (parcelamento) standard for a BR carrier but not directly verified on a single URL.	Not found (no specific verified payment-complaint URL). BR airlines typically carry refund/chargeback complaints on Reclame Aqui, but no source verified here.	Competitors: LATAM Brasil, Azul. Orchestration among peers not verified (Not found). GOL itself is a CellPoint Digital orchestration user.	Filed Chapter 11 Jan 2024 (SDNY, >US$8.3B debt); emerged ~June 2025 (~US$1.9B exit financing, ~US$1.7B debt cut). Abra Group now majority owner (~80%); B3 delisting underway; first profitable quarter Q3 2025. CFO Eduardo Gotilla resigned Apr 2025 (seat in flux; CEO Celso Ferrer covering) (https://en.wikipedia.org/wiki/Gol_Linhas_Aereas).	Pain: post-Ch11 thin LCC margins + Brazil's fragmented local rails (PIX, boleto, installments, NuPay, Mercado Pago) where every failed card/PIX attempt is lost revenue. Value: Yuno smart routing (+7% approval, ~50% recovery) recaptures margin on ~2M+ monthly transactions. Best case: auth-rate uplift + recovery funds the margin rebuild.	They've already validated orchestration (CellPoint/Velocity), so the category sell is done; the wedge is 'why Yuno vs CellPoint': Yuno's 1,000+ methods, deeper LatAm local-acquirer coverage, and antifraud + KYC/KYB + reconciliation + stablecoins in ONE API vs an airline-only orchestrator. Position as auth-rate benchmark / acquirer-optimization or secondary/backup layer, not a forced rip-and-replace.	Abra Group = GOL + Avianca + Wamos Air across Brazil, Colombia and Spain. A single Yuno layer spanning the whole group (multi-entity, 200+ countries) is a group-level infrastructure consolidation play far bigger than GOL alone, the strongest strategic entry point.	Emerged from Ch11 June 2025, first profitable quarter Q3 2025, Abra ~80% + B3 delisting + potential international IPO = payments cost/approval optimization is top-of-mind while rebuilding margins. Caveat: CellPoint was just expanded (Aug 2025), so near-term displacement is unlikely; best timing is group-level (Abra) or an acquirer/approval conversation now.	10	2	Prospecting	Celso Ferrer, CEO, Grupo GOL (also covering CFO duties post-Apr 2025).	Not found, CFO/IRO seat in transition (Eduardo Gotilla resigned Apr 2025). Verify current CFO/VP Finance before outreach.	Not found, no Head of Payments identified; source via LinkedIn (GOL/Grupo GOL 'meios de pagamento').	Lead with Abra group-level orchestration + post-Ch11 margin math. Don't pitch 'you need an orchestrator' (they run CellPoint), pitch (1) auth-rate/recovery benchmark on Brazil rails (PIX, cards, installments, NuPay), (2) one API for GOL+Avianca+Wamos across BR/CO/ES, (3) fraud/KYC/recon consolidation. Frame as optimization layer + why-Yuno-vs-CellPoint.	HIGH on orchestrator (CellPoint confirmed, 2 sources), APM expansion (11 Aug 2025), Ch11 timeline, Abra ownership. MEDIUM on employees/revenue (ranges) and HQ (Sao Paulo vs Rio). LOW on current CFO/contacts (seat in flux), PIX/installments exact confirmation, traffic (O), complaints (T), competitor orchestration (U).	No
Azul	https://voeazul.com.br			Travel & Hospitality																														
Copa Airlines	https://copaair.com		Copa logo already appears in Yuno's 'Airlines that already trust us' slide AND is swapped onto the American Airlines deck customer wall, but Yuno's own ICP master lists Copa as a 'NEW' prospect (score 8, hook 'Local acquiring + installment LPMs LatAm'). Hook = Hub-of-the-Americas cross-border acquiring + missing LATAM local APMs/installments across 32 markets. VERIFY actual relationship before outbound.	Travel & Hospitality		Flag carrier of Panama; scheduled passenger + cargo airline running a hub-and-spoke 'Hub of the Americas' at Panama City (Tocumen), ~112 aircraft (2024), ~88 destinations across 32 countries, Star Alliance member; owns LCC Wingo + ConnectMiles loyalty (https://en.wikipedia.org/wiki/Copa_Airlines).	B2C air transportation (ticket sales + ancillaries + cargo) via connecting hub model; loyalty (ConnectMiles) and LCC subsidiary (Wingo). Operating subsidiary of Copa Holdings.	Enterprise	Panama (Hub of the Americas) + pan-LATAM / Americas network	Panama City, Panama (https://en.wikipedia.org/wiki/Copa_Airlines).	~8,565 employees (2025, stockanalysis); Wikipedia lists 9,450 (2018) (https://stockanalysis.com/stocks/cpa/).	Public, Copa Holdings, NYSE: CPA (IPO Dec 2005) (https://stockanalysis.com/stocks/cpa/).	FY2025 revenue $3.62B (+4.98% YoY), FY2024 $3.45B; FY2025 net income $671.65M; market cap ~$5.62B (https://stockanalysis.com/stocks/cpa/).	Not found, no SimilarWeb access this session. Network implies Panama hub + US + Colombia + Brazil + Central America/Caribbean, but UNVERIFIED.	No public evidence found this session, Copa's copaair.com and help center block automated fetch (403/404). Large 32-country airlines typically run multiple regional card acquirers + UATP; the specific PSPs/acquirers are unverified. Best source: Copa Holdings 20-F (SEC) 'credit card processors / holdback-reserve' disclosure.	No public evidence of a third-party orchestrator for Copa. NOT on CellPoint Digital's customer page. NOTE: Yuno uses Copa's logo in decks but ICP master flags it 'NEW' prospect, treat as logo/prospect, not a confirmed signed orchestrator customer. Verify internally.	Likely Yes but INFERRED, not publicly verified, a flag carrier selling across 32 countries almost always uses multiple regional acquirers; no public source confirms count this session.	Not verified this session (site blocked). Visa/Mastercard/Amex effectively certain; LATAM local APMs + card installments (cuotas) highly likely across its 32 markets but UNCONFIRMED. Per 'never claim missing without verification', treat APM coverage as unknown until a VPN checkout walk.	Payments/refund complaints present: PissedConsumer categorizes 'Payments and Charges' as a contact reason with ~15% full-resolution rate, plus credit-card-fraud and 'pay with 2 cards' threads (https://copa-airlines.pissedconsumer.com/customer-service.html); SmartCustomer/Sitejabber 1.5/5 citing multi-month refund delays.	Direct/peer airlines: Avianca, LATAM, Volaris, Viva Aerobus, JetSMART, Azul, GOL, Sky, Wingo (Copa-owned). Orchestration adopters in the LATAM airline vertical: Arajet, CellPoint Digital (Sep 2024).	Fleet grew to ~112 aircraft by 2024 with continued route/network expansion out of the Panama hub; FY2025 revenue +5% and net income +10% YoY. Specific 24-mo payment/digital hires Not found this session (https://stockanalysis.com/stocks/cpa/).	Insight #1, Cross-border acquiring drag on a hub carrier: PAIN: nearly all of Copa's revenue is sold OUTSIDE Panama across 32 markets, so cross-border interchange + FX + suboptimal routing erodes ticket margin. VALUE: Yuno smart routing to LOCAL acquirers per market + ~7% approval lift. BEST CASE: InDrive live in 10 LATAM markets in <8 months at 90% approval.	Insight #2, Missing LATAM local APMs & installments (Yuno's own ICP hook): PAIN: LATAM buyers convert on cuotas/local rails (PIX/Boleto, PSE/Nequi, OXXO/SPEI/Mercado Pago, Webpay, Yape/PagoEfectivo); a single card-centric checkout leaks conversion. VALUE: 1 API to 1,000+ methods, add markets/APMs in weeks. NOTE: verify Copa's current APM gaps via VPN checkout before asserting.	Insight #3, Refund-to-source / recovery friction: PAIN: public refund-delay + 'payments & charges' complaints (15% resolution) signal weak recovery and manual refund handling. VALUE: Yuno multi-rail recovery (50% transaction recovery, Livelo case) + real-time monitors.	Timing: LATAM airline vertical is moving to orchestration NOW (peer Arajet adopted CellPoint Sep 2024); Copa in continued fleet/route growth; refund-complaint pattern live; and Copa is ALREADY a Yuno logo/prospect, a warm re-engagement window rather than cold greenfield.	14	1	Prospecting, but ALREADY in Yuno pipeline: ICP master lists Copa as 'NEW' prospect (score 8) and its logo ships in Yuno decks. Status = re-engage/verify, not net-new.	Peter Donkersloot, Chief Financial Officer (payments/treasury economic buyer) (https://theorg.com/org/copa-airlines)	Julio Toro Silva, Chief Digital & Information Officer (owns online checkout/payment stack) (https://theorg.com/org/copa-airlines)	Dennis Cary, SVP & Chief Commercial Officer; also Pedro Heilbron (CEO), Eduardo Lombana (President) (https://theorg.com/org/copa-airlines)	Warm re-engagement (NOT cold), acknowledging Copa is already a Yuno logo/prospect. Lead with: Hub-of-the-Americas = a cross-border acquiring problem (revenue sold across 32 countries) + missing LATAM local APMs/installments, and the refund-recovery pattern; reference that LATAM airline peers (Arajet) already moved to orchestration. Target CDIO (Toro) + CFO (Donkersloot). Confirm internal relationship status BEFORE sending.	HIGH on company profile, financials (FY2025 $3.62B), HQ, leadership. LOW on payment specifics, O (traffic), P (PSP/acquirer), Q (orchestrator detail), R (processor count), S (APMs) unverified because copaair.com blocked automated fetch. Recommend SimilarWeb pull + VPN checkout walk + Copa Holdings 20-F.	CAUTION, existing Yuno relationship ambiguity. Copa's logo appears in Yuno's 'Airlines that already trust us' slide yet ICP master lists Copa as a 'NEW' prospect (score 8). Do NOT assume signed customer OR pure greenfield, confirm status with the account team before any outbound.
LATAM Airlines	https://latamairlines.com		Trigger stack: (1) NDC/offer-order retailing rollout w/ Amadeus (Dec 2024) + LATAM Wallet build = payments becoming a product surface; (2) NYSE ADR relisting Jul-2024 = capital + scrutiny; (3) sells across 5 LatAm markets w/ fragmented local acquiring (PIX/PSE/installments) and NO disclosed orchestrator, prime moment to insert an orchestration layer (https://amadeus.com/en/newsroom/press-releases/amadeus-and-latam-airlines-renew-distribution-agreement-with-ndc-sourced-content).	Travel & Hospitality		Largest airline group in Latin America; passenger + cargo across Chile, Brazil, Peru, Colombia, Ecuador, Paraguay + international (https://en.wikipedia.org/wiki/LATAM_Airlines_Group).	Airline: B2C ticket sales (web/app/agency/GDS), ancillaries, LATAM Pass loyalty, and B2B air cargo. High-ticket, cross-border, multi-currency.	Enterprise	Latin America (Brazil largest by traffic ~48%); HQ Chile	Santiago, Chile (https://en.wikipedia.org/wiki/LATAM_Airlines_Group).	~35,568 (2023) (https://en.wikipedia.org/wiki/LATAM_Airlines_Group).	Public, Santiago Exchange (LTM) + relisted ADRs on NYSE ticker LTM effective Jul 25 2024.	US$13.034B FY2024 (net income US$977M) (https://en.wikipedia.org/wiki/LATAM_Airlines_Group).	latamairlines.com top countries: Brazil 48.1%, Chile 13.3%, Colombia 11.3%, Peru 10.6%, US 5.6% (https://www.similarweb.com/website/latamairlines.com/).	No public evidence found, no named PSP/acquirer/gateway disclosed. Consistent with per-country local card acquiring across markets (inference) [absence-verified across CellPoint site, SEC/press/search].	No confirmed payment orchestrator. NOT a CellPoint Digital customer (CellPoint's named airline cases = Cebu Pacific + Virgin Atlantic only; https://www.cellpointdigital.com/resources/case-studies). Amadeus tie is GDS/NDC distribution, not payment orchestration. No orchestrator disclosed.	Likely YES (inference), per-country local acquiring evident: PIX (Brazil), PSE (Colombia), local installments across markets imply multiple regional acquirers/processors.	Confirmed: credit + debit cards (all channels), PIX (Brazil), PSE (Colombia), local installments/cuotas up to 24x incl. 'Cuotealo' no-card financing, LATAM Pass points, and new 'LATAM Wallet' (https://www.latamairlines.com , https://latampass.latam.com).	Not found, no verified specific payment complaints located.	Competitors: Gol, Azul (Brazil), Avianca (Colombia), Copa (Panama), Sky/JetSMART. No confirmed orchestration adopter among peers found; LatAm carriers are active CellPoint expansion targets (https://www.traveldailynews.com/technology/cellpoint-digital-accelerates-global-growth-with-strategic-expansion-in-latin-america/).	(1) Relisted ADRs on NYSE (LTM) Jul-2024; (2) Amadeus multi-year NDC distribution agreement Dec-13-2024; (3) shareholder shifts: Delta 10%, Qatar 10%, Sixth Street 20.1%; emerged Ch.11 in 2022 (https://amadeus.com/en/newsroom/press-releases/amadeus-and-latam-airlines-renew-distribution-agreement-with-ndc-sourced-content).	PAIN: fragmented per-country acquiring across BR/CL/CO/PE/EC (PIX, PSE, installments) with no disclosed orchestrator = manual multi-acquirer integrations, no cross-market smart routing. VALUE: Yuno = one API to 1,000+ methods/PSPs across the exact 5 markets LATAM sells in, +7% approval via smart routing. BEST CASE: airline peer approval-rate uplift on regional card volume.	PAIN: NDC/offer-order retailing transformation + LATAM Wallet build make payments a product surface tightly coupled to PSPs. VALUE: Yuno orchestration layer decouples PSPs from the new retailing/checkout stack, so LATAM can add/swap APMs and acquirers without re-integrating, future-proofs the offer-order rollout.	PAIN: high-ticket, cross-border, multi-currency airfare drives cross-border declines, FX cost, and lost bookings when a payment fails. VALUE: Yuno local acquiring + smart routing cuts cross-border declines/interchange, and ~50% failed-payment recovery via retries protects high-value bookings where one decline = a lost ticket.	Catalyst: NDC + digital-retailing transformation live (Amadeus, Dec 2024) and LATAM Wallet launch = payments-stack modernization window NOW; NYSE relisting (Jul 2024) + return to profitability (US$977M net 2024) means capital and mandate to invest in payments.	16	1	Prospecting	Tomas Covarrubias, Senior VP Revenue, Sales & Distribution, LATAM Group (owns retailing/NDC/distribution; payments-adjacent) (https://amadeus.com/en/newsroom/press-releases/amadeus-and-latam-airlines-renew-distribution-agreement-with-ndc-sourced-content)	Not found, search LinkedIn for LATAM 'Head of Payments'/'Gerente de Medios de Pago' (Santiago/Sao Paulo).	Not found, target CIO/CTO or VP Digital/E-commerce owning checkout & LATAM Wallet (verify on LinkedIn).	Angle: NOT 'you lack an orchestrator.' Lead with 'unify acquiring + local APMs across Brazil/Chile/Colombia/Peru/Ecuador in one API, lift approval on regional card volume, and recover failed high-ticket airfare', timed to the NDC/offer-order retailing rollout and LATAM Wallet. Enter via commercial/distribution (Covarrubias) + payments/digital leadership.	HIGH on financials, listing, traffic, payment methods, NDC catalyst. LOW/inference: P (no public PSP/acquirer named), Q (orchestrator = absence-of-evidence), R (multiple processors inferred), T (complaints not found), AE/AF contacts.	No
Aeroméxico	https://aeromexico.com		Newly dual-listed flag carrier (NYSE:AERO + BMV, debuted Nov 6 2025, ~$2.9B valuation) running direct e-commerce across MX/US/LATAM/EU/Asia with up to 18 'meses sin intereses' installments, and NO publicly documented payment orchestrator. Prime for approval-rate + local-APM orchestration (https://stockanalysis.com/stocks/AERO/company/).	Travel & Hospitality		Mexico's flag carrier (Grupo Aeromexico); scheduled passenger + cargo air service to 120+ destinations across North/Central/South America, Caribbean, Europe and Asia; founding SkyTeam member; ~132 all-Boeing aircraft (https://en.wikipedia.org/wiki/Aeromexico).	Full-service network carrier: passenger + cargo transport; direct .com + GDS/agency distribution; ancillaries; Aeromexico Rewards loyalty; Aeromexico Vacations (packages sold with MSI installments); Aeromexico Business (corporate). SkyTeam member with a Delta US-Mexico transborder JV.	Enterprise	Mexico (primary; ~70% of web traffic). International network spans US, Colombia, Canada, Spain, wider LATAM, Europe and Asia.	Mexico City: Av. Paseo de la Reforma 243, 25th Floor, CDMX 06500 (https://stockanalysis.com/stocks/AERO/company/).	16,895 employees (2025, stockanalysis); ~17,000 cited at relisting (https://stockanalysis.com/stocks/AERO/).	Public. Relisted Nov 6 2025 on NYSE (ADSs, ticker AERO) and BMV simultaneously (first dual-listing of a Mexican company in 12+ years); ~$2.9B valuation, ~$2.21B market cap. Exited Chapter 11 March 2022.	US$5.36B revenue FY2025 (down ~4.6% vs $5.62B FY2024); net income $351.9M (2025) (https://stockanalysis.com/stocks/AERO/financials/).	Top traffic countries (Similarweb): Mexico 70.27%, US 17.98%, Colombia 1.98%, Canada 1.58%, Spain 1.26%; ~6.4M visits over 3 months (https://www.similarweb.com/website/aeromexico.com/).	No public evidence found of a named PSP/acquirer. MSI installments imply card processing via Mexican issuing banks + a local card acquirer, but no specific processor is publicly disclosed [inferred/unverified].	No public evidence of a payment orchestrator. Verified against CellPoint Digital's published case studies (airline clients = Cebu Pacific + Virgin Atlantic; also Radisson, Continuum) and Aeromexico is NOT among them. No public Amadeus/UATP orchestration disclosure found. Most likely direct-integrated stack, i.e. greenfield.	Not confirmed publicly. The multi-market footprint (MX/US/CO/CA/ES/Asia) makes a multi-acquirer setup likely, but there is no public evidence. Not found.	Confirmed: card payments + installments 'meses sin intereses' up to 18 MSI (Aeromexico Vacations). SPEI / OXXO / PayPal were NOT verifiable (aeromexico.com payment/help pages returned maintenance errors), so not confirmed present and not claimed absent (https://www.aeromexicovacations.com).	Not found. No specific, verified payment/refund/chargeback complaint was located (search inconclusive).	Direct competitors: Volaris (ULCC), Viva Aerobus (ULCC), LATAM. Delta Air Lines is a 20% owner and US-Mexico JV partner. Orchestration among airline peers: CellPoint powers Cebu Pacific and Virgin Atlantic; no confirmation that Volaris, Viva Aerobus or LATAM use a payment orchestrator.	Nov 6 2025 dual relisting on NYSE (AERO) + BMV, ~$2.9B valuation (first Mexican dual-listing in 12+ years); exited Chapter 11 March 2022; fleet grew to 132 aircraft by Dec 2025; Delta JV continues (https://stockanalysis.com/stocks/AERO/).	Pain: local-APM + cross-border acquiring complexity. Aeromexico sells in Mexico (~70%), US (~18%), Colombia, Canada, Spain and Asia, each needing local acquiring and methods (SPEI/OXXO/MSI in MX, cards/ACH in US, PSE in CO). Value: one Yuno API reaches 1,000+ methods across 200+ countries, so they add local APMs per market without new integrations.	Pain: cross-border card approval rates. Intl-card auth declines are structurally higher for a global carrier. Value: Yuno smart routing delivers +7% approvals and 50% recovery of failed payments; on a $5.36B topline even a 1-2% approval lift equals tens of millions incremental, a sharp story right after the IPO.	Pain: resilience, cost, and MSI orchestration. A newly listed carrier cannot absorb PSP single-points-of-failure. Value: Yuno failover + least-cost routing across acquirers plus orchestrated 'meses sin intereses' across Mexican issuers. With no incumbent orchestrator this is a clean, low-risk greenfield build.	Catalyst: Nov 2025 NYSE + BMV dual relisting (AERO) brings investor scrutiny on conversion/margins plus fresh capital for tech; CEO Conesa framed it as 'a new, even bigger chapter' alongside fleet growth. Ideal window to tie payments optimization to the equity story.	15	1	Prospecting	Andres Castaneda Ochoa, Chief Digital and Customer Experience Officer (primary; owns the .com checkout and CX) (https://stockanalysis.com/stocks/AERO/company/)	Dr. Ricardo Javier Sanchez Baker, Executive Vice President and CFO (payments cost + approval rate hit the P&L) (https://stockanalysis.com/stocks/AERO/company/)	Aaron James Murray, Chief Commercial Officer (conversion + ancillary revenue); alt Daniel Medellin Enriquez, SVP FP&A and IR (https://stockanalysis.com/stocks/AERO/company/)	Post-NYSE-relisting angle: tie payments to the equity story. Yuno's single API lifts approvals +7% and recovers 50% of failed international-card payments, and adds local APMs (SPEI/OXXO/MSI) across MX/US/LATAM/EU with no per-market build. No incumbent orchestrator means a fast, low-risk greenfield. Lead with Andres Castaneda (digital/CX) and CFO Ricardo Sanchez Baker.	High on: listing status, financials, employee count, executive roster, traffic mix, MSI installments. Low/Not found: named PSP/acquirer (P), orchestrator (Q ruled out only against CellPoint's public list), on-site SPEI/OXXO/PayPal confirmation (S, pages were down), payment complaints (T).	No
Aerolíneas Argentinas	https://aerolineas.com.ar			Travel & Hospitality																														
Sky Airline	https://skyairline.com			Travel & Hospitality																														
Caribbean Airlines	https://caribbean-airlines.com			Travel & Hospitality																														
Boliviana de Aviación (BoA)	https://boa.bo			Travel & Hospitality																														
EasyFly	https://easyfly.com.co			Travel & Hospitality																														
SATENA	https://satena.com			Travel & Hospitality																														
Cayman Airways	https://caymanairways.com			Travel & Hospitality																														
Bahamasair	https://bahamasair.com			Travel & Hospitality																														
ClickBus	https://clickbus.com.br			Travel & Hospitality																														
Buser	https://buser.com.br			Travel & Hospitality																														
Quero Passagem	https://queropassagem.com.br			Travel & Hospitality																														
Reservamos	https://reservamos.mx			Travel & Hospitality																														
Pinbus	https://pinbus.com			Travel & Hospitality																														
redBus	https://redbus.in			Travel & Hospitality																														
Trainline	https://thetrainline.com			Travel & Hospitality																														
Grupo ADO	https://ado.com.mx			Travel & Hospitality																														
ETN Turistar	https://etn.com.mx			Travel & Hospitality																														
Primera Plus	https://primeraplus.com.mx			Travel & Hospitality																														
Expreso Brasilia	https://expresobrasilia.com			Travel & Hospitality																														
Cruz del Sur	https://cruzdelsur.com.pe			Travel & Hospitality																														
Andesmar	https://andesmar.com			Travel & Hospitality																														
Turbus	https://turbus.cl			Travel & Hospitality																														
DeÔnibus	https://deonibus.com			Travel & Hospitality																														
PasajeBus.com	https://pasajebus.com			Travel & Hospitality																														
BUSPORTAL	https://busportal.cl			Travel & Hospitality																														
Copetran	https://copetran.com			Travel & Hospitality																														
Bolivariano	https://bolivariano.com.co			Travel & Hospitality																														
CIVA	https://civa.com.pe			Travel & Hospitality																														
Pullman Bus	https://pullman.cl			Travel & Hospitality																														
Flecha Bus	https://flechabus.com.ar			Travel & Hospitality																														
Viação Cometa	https://viacaocometa.com.br			Travel & Hospitality																														
Tica Bus	https://ticabus.com			Travel & Hospitality																														
OYO	https://oyorooms.com			Travel & Hospitality																														
Casai	https://casai.com			Travel & Hospitality																														
Meliá Hotels	https://melia.com			Travel & Hospitality																														
RIU Hotels & Resorts	https://riu.com			Travel & Hospitality																														
Iberostar	https://iberostar.com			Travel & Hospitality																														
Barceló Hotel Group	https://barcelo.com			Travel & Hospitality																														
Grupo Posadas	https://posadas.com			Travel & Hospitality																														
Decameron	https://decameron.com			Travel & Hospitality																														
Grupo Xcaret	https://xcaret.com			Travel & Hospitality																														
Karisma Hotels	https://karismahotels.com			Travel & Hospitality																														
Palladium Hotel Group	https://palladiumhotelgroup.com			Travel & Hospitality																														
GHL Hoteles	https://ghlhoteles.com			Travel & Hospitality																														
NH Hotel Group (Minor)	https://nh-hotels.com			Travel & Hospitality																														
Atlantica Hospitality Intl	https://atlanticahotels.com.br			Travel & Hospitality																														
Hoteles Estelar	https://hotelesestelar.com			Travel & Hospitality																														
Bourbon Hotéis	https://bourbon.com.br			Travel & Hospitality																														
Blue Tree Hotels	https://bluetree.com.br			Travel & Hospitality																														
Camino Real	https://caminoreal.com			Travel & Hospitality																														
Housi	https://housi.com.br			Travel & Hospitality																														
Che Lagarto Hostels	https://chelagarto.com			Travel & Hospitality																														
Fen Hotels	https://fenhotels.com			Travel & Hospitality																														
Faranda Hotels & Resorts	https://faranda.com			Travel & Hospitality																														
Royal Holiday	https://royal-holiday.com			Travel & Hospitality																														
Fasano	https://fasano.com.br			Travel & Hospitality																														
Bahia Principe (Grupo Piñero)	https://bahia-principe.com			Travel & Hospitality																														
Sandals Resorts	https://sandals.com			Travel & Hospitality																														
Viajero Hostels	https://viajerohostels.com			Travel & Hospitality																														
Pariwana Hostels	https://pariwana-hostel.com			Travel & Hospitality																														
Despegar (Decolar)	https://despegar.com		CATALYST: Prosus acquisition closed 15-May-2025 ($1.7B, $19.50/sh), new owner + fintech-synergy mandate reopens the payments stack; Despegar runs a costly in-house multi-acquirer platform across ~20 LatAm markets (https://en.wikipedia.org/wiki/Prosus, https://stockanalysis.com/stocks/DESP/).	Travel & Hospitality		Largest OTA in Latin America; sells flights, hotels, packages, cars, buses, cruises, insurance via Despegar (Spanish LatAm) and Decolar (Brazil) brands; B2C + B2B white-label; owns Koin BNPL and AI assistant 'Sofia' (https://en.wikipedia.org/wiki/Despegar).	OTA: commissions/markups on travel inventory + fintech revenue (card-installment financing + Koin BNPL). B2C marketplace plus B2B white-label travel for banks/airlines/retailers.	Enterprise	Latin America; top markets Mexico, Argentina, Brazil, Colombia, Chile (https://www.similarweb.com/website/despegar.com/).	Buenos Aires, Argentina (holding co. Despegar.com Corp.) (https://en.wikipedia.org/wiki/Despegar).	3,956 employees (2024) (https://stockanalysis.com/stocks/DESP/).	PRIVATE, was NYSE:DESP (IPO 2017); acquired by Prosus, deal closed 15-May-2025 at $19.50/sh (~US$1.7B), delisted, now a Prosus subsidiary (https://stockanalysis.com/stocks/DESP/).	Revenue US$774.1M FY2024 (+9.6% YoY); operating income $123.1M; net income $27.8M. Gross bookings/TPV figure: Not found (https://stockanalysis.com/stocks/DESP/).	SimilarWeb traffic share: Mexico ~32.7%, Argentina ~25.8%, Colombia ~10.2%, Brazil ~9.8%, Chile ~7.6% (https://www.similarweb.com/website/despegar.com/).	No single external PSP identified. Runs a proprietary in-house payments platform and owns Koin (BNPL, acquired 2020); integrates directly with multiple local acquiring banks per country to power installments [self-orchestrated in-house / partly inferred]. No public evidence of a named third-party acquirer.	Yes, effectively self-orchestrates IN-HOUSE (proprietary payments platform + owned Koin BNPL); no evidence of a third-party orchestrator. NOTE: this in-house build is the key nuance, they may view orchestration as 'already solved'.	Yes, multi-acquirer/multi-processor by necessity: offering card installments (cuotas/parcelamento) across ~20 LatAm markets requires direct integration with many local acquiring banks per country.	Confirmed: credit/debit cards + card INSTALLMENTS (cuotas/parcelamento, signature feature) and Koin BNPL. Local APMs (PIX/boleto in Brazil, PSE in Colombia, OXXO/cash in Mexico) standard for a LatAm OTA but NOT verified on a live checkout this session, treat as likely, unconfirmed.	Not found (not verified this session). Historically Despegar/Decolar draws high refund/reembolso complaint volume on Reclame Aqui/Procon in Brazil, but no source confirmed here.	Competitors: Booking.com, Expedia, Kayak, Google Flights, LATAM Airlines (direct), MercadoLibre/Mercado Viajes, Almundo, CVC (Brazil); car rivals Localiza/Movida. Peer OTAs commonly use payment orchestration.	Prosus acquisition announced Dec-2024, closed 15-May-2025, ~$1.7B. Prior M&A: Koin BNPL (2020), Best Day Mexico (2020), Viajanet Brazil (2022, $15M), Falabella travel agencies (2019). Now inside Prosus fintech ecosystem (PayU, iFood, Remitly) (https://en.wikipedia.org/wiki/Prosus).	Pain: heavy in-house, per-country multi-acquirer payments stack across ~20 markets is expensive to build/maintain. Value: Yuno's single API abstracts 1,000+ methods/PSPs/acquirers + smart routing (+7% approval, 50% recovery). Best case: keep in-house control but offload integration burden and lift approval on multi-$B gross bookings, even +1% approval = tens of $M incremental.	Pain: launching/expanding markets means new per-country acquirer + APM integrations. Value: Yuno's 200+ country coverage and local-APM library (PIX, PSE, OXXO, cash, installments) accelerates new-market launches and post-Prosus regional expansion without one-off builds.	Pain: single-acquirer dependency + Prosus fintech consolidation (PayU exited merchant acquiring, sold its Global Payments Org to Rapyd Mar-2025). Value: Yuno = vendor-neutral routing layer above Koin + local acquirers + PayU rails, de-risk single points of failure and optimize cost across the Prosus travel+fintech stack.	Prosus deal closed 15-May-2025, integration + fintech-synergy mandate creates a 12-18 month payments re-evaluation window; time outreach NOW (post-close).	13	1	Prospecting	Gonzalo Garcia Estebarena, CTO/CIO (owns the in-house payments platform) (https://theorg.com/org/despegar-com)	Renan Pinto, CFO (payments cost, approval-rate economics) (https://theorg.com/org/despegar-com)	Maximiliano Gonzalez Costa, Chief New Business & Corp Dev Officer (fintech/Koin); alt Daniel Zelmann, VP Product & Strategy (https://theorg.com/org/despegar-com)	Augment-not-replace angle (Hertz/NYT playbook): 'Now under Prosus, with PayU exiting merchant acquiring, a vendor-neutral orchestration layer above Koin + your local acquirers lets you keep the in-house control you built while gaining smart routing (+approval), faster new-market APM launches, and recovery, without re-platforming.' Lead with CTO + CFO; acknowledge their in-house build up front.	HIGH: corporate facts (revenue, employees, HQ, Prosus close, traffic, leadership). LOW/unverified: N (gross bookings/TPV not found), P (PSP specifics inferred in-house, no named acquirer), S (local APMs PIX/PSE/OXXO likely but not verified live), T (complaints not sourced).	No
Almundo	https://almundo.com			Travel & Hospitality																														
Trip.com	https://trip.com			Travel & Hospitality																														
Hotelbeds	https://hotelbeds.com			Travel & Hospitality																														
MaxMilhas	https://maxmilhas.com.br			Travel & Hospitality																														
Recorrido	https://recorrido.cl			Travel & Hospitality																														
lastminute.com	https://lastminute.com			Travel & Hospitality																														
Best Day	https://bestday.com			Travel & Hospitality																														
PriceTravel Holding	https://pricetravel.com			Travel & Hospitality																														
Aviatur	https://aviatur.com			Travel & Hospitality																														
Viajanet	https://viajanet.com.br			Travel & Hospitality																														
Viajes Falabella	https://viajesfalabella.com			Travel & Hospitality																														
Denomades	https://denomades.com			Travel & Hospitality																														
Zarpo	https://zarpo.com.br			Travel & Hospitality																														
Submarino Viagens	https://submarinoviagens.com.br			Travel & Hospitality																														
Onfly	https://onfly.com.br			Travel & Hospitality																														
MeVuelo	https://mevuelo.com			Travel & Hospitality																														
Turismocity	https://turismocity.com			Travel & Hospitality																														
LocalAdventures	https://localadventures.mx			Travel & Hospitality																														
Vibe Adventures	https://vibeadventures.com			Travel & Hospitality																														
Lindblad Expeditions	https://expeditions.com			Travel & Hospitality																														
Voyagers Travel	https://voyagers.travel			Travel & Hospitality																														
GoDaddy	https://godaddy.com			Software (SaaS)																														
HostGator	https://hostgator.com			Software (SaaS)																														
Locaweb	https://locaweb.com.br			Software (SaaS)																														
OVHcloud	https://ovhcloud.com			Software (SaaS)																														
Umbler	https://umbler.com			Software (SaaS)																														
DonWeb	https://donweb.com			Software (SaaS)																														
Neubox	https://neubox.com			Software (SaaS)																														
NordVPN (Nord Security)	https://nordvpn.com			Software (SaaS)																														
ExpressVPN (Kape)	https://expressvpn.com			Software (SaaS)																														
Gen Digital (Norton/Avast/AVG)	https://gendigital.com			Software (SaaS)																														
ESET	https://eset.com			Software (SaaS)																														
Life360	https://life360.com			Software (SaaS)																														
OpenAI	https://openai.com			AI																														
Freepik	https://freepik.com			AI																														
Read AI	https://read.ai			AI																														
Audible (Amazon)	https://audible.com			Media & Streaming																														
Tinder (Match Group)	https://tinder.com			Marketplaces & Services																														
Nuuvem	https://nuuvem.com			Media & Streaming																														
ViX (TelevisaUnivision)	https://vix.com			Media & Streaming																														
Claro Video	https://clarovideo.com			Media & Streaming																														
Globoplay	https://globoplay.globo.com			Media & Streaming																														
Blim TV	https://blim.com			Media & Streaming																														
Ubook	https://ubook.com			Media & Streaming																														
Clarín (digital)	https://clarin.com			Media & Streaming																														
Zendesk	https://zendesk.com			Software (SaaS)																														
Adobe	https://adobe.com			Software (SaaS)																														
Pipefy	https://pipefy.com			Software (SaaS)																														
Conta Azul	https://contaazul.com			Software (SaaS)																														
RD Station	https://rdstation.com			Software (SaaS)																														
Truora	https://truora.com			Software (SaaS)																														
FunPlus	https://funplus.com		FunPlus runs its OWN first-party global web top-up store, store.funplus.com, 'Funplus Official Top-up Center', 24-language 'web-pay-hub' bundle, IP-based currency, email-code login, built to bypass Apple/Google's 30% app-store fee. Appears card/MoR-centric on a single in-house pay hub = local-APM + auth-rate + PSP-failover opportunity (https://store.funplus.com).	Gaming		Global mobile game developer/publisher (strategy + casual): State of Survival, King of Avalon, Guns of Glory, Sea of Conquest, DC Dark Legion, Stormshot (https://www.funplus.com).	Free-to-play mobile games monetized via in-app purchases (iOS/Android IAP) PLUS a direct-to-consumer web top-up store (store.funplus.com) that bypasses app-store commission.	Enterprise	Global; incorporated in Switzerland, roots/major studios in China + Singapore/Portugal/Spain (https://en.wikipedia.org/wiki/FunPlus).	Zug, Switzerland (Swiss HQ est. Dec 2020; Zug office featured on site) (https://www.funplus.com).	2,000+ worldwide ('team of over 2,000') (https://www.funplus.com).	Private (bootstrapped; 'one of the largest privately held' gaming cos) (https://en.wikipedia.org/wiki/FunPlus).	Not found, private & bootstrapped, no official revenue disclosed. Flagship State of Survival is a long-running top-grossing 4X title but no verified figure available.	Not found, store/game traffic geography not verifiable this session; store is global (24 UI languages, IP-based currency).	No specific PSP publicly disclosed. CONFIRMED first-party web store: store.funplus.com = 'Funplus Official Top-up Center'; API host ame.funplus.com; login via email OTP; collects country/state/city/zip + tax_rate (card/merchant-of-record pattern); assets on kg-web-cdn 'web-pay-hub'. Checkout PSP loads post-login and is not publicly exposed (https://store.funplus.com).	No public evidence of a third-party orchestrator; operates an in-house 'web-pay-hub' top-up center (https://store.funplus.com).	No, not confirmed. Single first-party pay hub (store.funplus.com); no public evidence of multiple processors.	Not found publicly, payment-method list loads only after product select + login. Infra confirms IP-based currency, billing-address + tax collection (card/MoR), 24-language coverage; specific APMs not verifiable this session (https://store.funplus.com).	Not found, no verifiable web-store payment complaints surfaced this session.	Peers: Scopely, Playrix, IGG, Habby. Direct-web-shop trend among large publishers (Scopely, Playrix run D2C webshops); FunPlus already on this path with store.funplus.com. Specific vendor stacks not verified.	Not found (verified), no confirmed major M&A/exec hires within last 24mo this session. Historical: sold DianDian ~$1B (2016), acquired Imagendary Studios (2021). Recent expansion = active buildout of the global first-party top-up center (bundle assets dated 2024) (https://www.funplus.com).	Pain: FunPlus already built a web top-up store to escape Apple/Google's 30% cut, but running payments in-house across 200+ markets leaves local-APM gaps and card-only checkout. Value: Yuno's single API layers 1,000+ local methods + smart routing (+7% approval, 50% recovery) ON TOP of their existing web rail, no PSP replacement. Best case: capture even more of the margin they already fought for.	Pain: 24-language store implies whales in LatAm/MENA/SEA, but a card/MoR-centric hub misses PIX/Boleto/OXXO, regional wallets (GCash/OVO/Momo), and MENA methods where card penetration is low. Value: Yuno adds market-specific local APMs so high-value spenders can top up. Best case: incremental payer coverage in emerging markets.	Pain: a single in-house pay hub concentrates risk, one acquirer/PSP outage or elevated declines during flash-sale/event spikes (when whales spend most) means lost top-ups. Value: Yuno's multi-PSP failover + retry/recovery routing keeps checkout up. Best case: near-zero payment downtime during peak monetization windows.	Live D2C push: store.funplus.com is being actively scaled as the official global top-up center (24 languages, 2024-dated assets), riding post-Epic-v-Apple app-store-fee pressure. Timing is now, layer orchestration before more PSP integrations get hard-coded (https://store.funplus.com).	16	1	Prospecting	Andy Zhong, Founder & CEO (verify current) (https://en.wikipedia.org/wiki/FunPlus)	Chris Petrovic, Chief Business Officer (verify current) (https://en.wikipedia.org/wiki/FunPlus)	Not found, target Head of Payments / Head of Monetization / Head of Finance / Platform (identify via LinkedIn)	Open with: 'You already built store.funplus.com to escape the 30% app-store tax, Yuno makes that web rail convert more.' Position as an ADD-ON to their existing D2C store: local APMs per market + auth-rate uplift + multi-PSP failover, not a rip-and-replace. Route to a payments/monetization owner.	HIGH on: first-party web top-up store existence, HQ (Zug/Switzerland), 2,000+ employees, private/bootstrapped, founders/games. LOW / Not found: exact checkout PSP, specific APM list, revenue, store-traffic geography, payments-specific contacts.	No
HoYoverse	https://hoyoverse.com		HoYoverse runs its own global web Top-Up Center (genshin.hoyoverse.com/en/gift; sdk.hoyoverse.com/payment) to bypass Apple/Google ~30% fees; its own CS pins recurring 'transaction rejected' declines on international partners Worldpay + Adyen with no third-party orchestrator = smart-routing/recovery + local-APM wedge on their highest-margin channel across 200+ markets (https://www.reddit.com/r/Genshin_Impact/comments/y2wfos/).	Gaming		Chinese global game developer/publisher of free-to-play gacha RPGs, Genshin Impact, Honkai: Star Rail, Zenless Zone Zero, Honkai Impact 3rd, Tears of Themis (https://en.wikipedia.org/wiki/HoYoverse).	Free-to-play (mobile/PC/console) monetized via microtransactions/gacha: players buy premium currency both in-app (IAP) and through a first-party web top-up store that avoids app-store commissions (https://news.bittopup.com/news/genshin-impact-top-up-guide-25-savings-vs-ban-risks).	Enterprise	Global; developed in China (Shanghai), published internationally via Singapore. 69.5% of Genshin mobile revenue is generated outside China (https://en.wikipedia.org/wiki/Genshin_Impact).	miHoYo HQ: Shanghai, China. International publisher HoYoverse = Cognosphere Pte. Ltd., Singapore, with offices in Montreal, Los Angeles, Tokyo, Seoul (https://en.wikipedia.org/wiki/HoYoverse).	~5,000 employees as of 2022, likely higher now; only sourced figure is 2022 [low-conf/dated] (https://en.wikipedia.org/wiki/MiHoYo).	Private (founder-controlled: Cai Haoyu 41%, Liu Wei 22.6%, Luo Yuhao 21.4%) (https://en.wikipedia.org/wiki/MiHoYo).	Not found (private, no official disclosure). Estimates: Genshin Impact ~$6.3B lifetime by 2024 (Sensor Tower); Genshin + Honkai: Star Rail + Zenless combined >$8.4B on mobile (Sensor Tower, May 2025); Genshin averaging ~$1.6B/yr on App Store + Google Play (https://en.wikipedia.org/wiki/Genshin_Impact).	Not found (exact split). Directional: 69.5% of Genshin mobile revenue is outside China; historically top markets = China, Japan, US [low-conf].	Official web Top-Up Center processes cards + e-wallets (HoYoverse support: 'credit card, e-wallet, etc.'). Named international payment partners per HoYoverse CS: Worldpay AND Adyen [HoYoverse CS statement, secondhand via Reddit, not official]. Reseller channel: Coda Payments/Codashop (https://support.hoyoverse.com/hc/en-us/articles/49686177557017 ; https://www.reddit.com/r/Genshin_Impact/comments/y2wfos/).	No third-party orchestrator found, HoYoverse self-manages multiple PSPs directly. No public evidence of Yuno/Spreedly/other orchestrator (per Reddit CS statement naming Worldpay+Adyen as direct partners).	Yes, at least two: Worldpay AND Adyen both named as HoYoverse international payment partners (https://www.reddit.com/r/Genshin_Impact/comments/y2wfos/).	Cards (Visa/credit/debit) + PayPal (https://www.codashop.com/en-us/genshin-impact) + e-wallets ('credit card, e-wallet, etc.' per HoYoverse support). SEA local methods (GoPay/OVO/DANA, bank transfer, Indomaret/minimarket) appear via resellers like UniPin, signaling local-APM demand the first-party store under-serves.	Yes, widespread 'transaction rejected' top-up failures; HoYoverse CS attributes to payment partners Worldpay/Adyen (https://www.reddit.com/r/Genshin_Impact/comments/y2wfos/). Dedicated payment-error/refund support sections exist (https://support.hoyoverse.com/hc/en-us/sections/49686176874521-Payment-Errors).	Tencent, NetEase; gacha/live-service peers Kuro Games (Wuthering Waves), Cygames. Large digital/gaming merchants are typical orchestration adopters, but no confirmed orchestrator user named among direct peers here [low-conf].	Zenless Zone Zero launched July 4, 2024 (PC/iOS/Android/PS5), Xbox Series X/S port June 6, 2025; continuous major version cadence; miHoYo publicly moving into AI 'for growth beyond games' (May 2025). Specific payments-team hires: Not found (https://businessmirror.com.ph/2025/05/18/genshin-impact-creator-dives-into-ai-for-growth-beyond-games/).	Insight #1, Recover the declines on their own fee-advantaged channel. Pain: the web store dodges the ~30% app-store fee but HoYoverse hand-stitches two PSPs (Worldpay+Adyen) with no routing layer, producing the recurring 'transaction rejected' failures their own CS blames on those partners. Value: Yuno smart routing (+7% approval, 50% recovery) adds cross-PSP failover and retries so declined top-ups convert. Best case: every recovered top-up lands on the highest-margin, fee-free channel across 200+ markets.	Insight #2, Pull reseller-captured local volume in-house. Pain: the first-party store leans on cards + PayPal + a few e-wallets, so SEA/LatAm players route through UniPin/Codashop for GoPay/OVO/DANA/Indomaret, HoYoverse loses margin, first-party data, and the player relationship. Value: Yuno's 1,000+ methods let HoYoverse add local APMs per market on its own store. Best case: reclaim reseller GMV at better economics.	Insight #3, One integration to future-proof every new-game launch. Pain: two directly-integrated PSPs = duplicated engineering, split reconciliation, no unified routing/observability or 3DS/fraud layer; each new title/market re-opens PSP integration work. Value: Yuno single API unifies Worldpay + Adyen + new local acquirers under one integration, one reconciliation, one fraud/3DS layer.	Now, ZZZ launch (Jul 2024) + Xbox expansion (Jun 2025) + AI/beyond-games push (2025) are growing web-store volume, while top-up decline complaints persist. Rising first-party GMV + live auth-rate pain = timely routing/recovery + local-APM conversation.	16	1	Prospecting	Not found, no verified payments/finance buyer. Target the Cognosphere (Singapore) payments/monetization/finance org; founders Cai Haoyu, Liu Wei, Luo Yuhao are top-level only (https://en.wikipedia.org/wiki/MiHoYo)	Not found	Not found	Lead with their own web Top-Up Center as the fee-advantaged channel and the 'transaction rejected' declines their CS attributes to Worldpay/Adyen; position Yuno as the routing/recovery + local-APM layer that maximizes that channel's throughput across 200+ markets WITHOUT replacing either PSP. Secondary hook: reclaim SEA/LatAm volume leaking to UniPin/Codashop.	Medium-High. High-conf: company/HQ/model, web top-up store exists (live), ~30% fee-bypass motive, multiple direct PSPs, no orchestrator, payment-decline complaints. Low-conf: exact PSPs (Worldpay/Adyen = CS quoted secondhand via Reddit, not official); revenue (private, estimates only); employee count (2022, dated); traffic split; buyer contacts (Not found).	No
IGG	https://igg.com			Gaming																														
Level Infinite (Tencent)	https://levelinfinite.com			Gaming																														
Playrix	https://playrix.com			Gaming																														
Scopely	https://scopely.com			Gaming																														
Take-Two Interactive	https://take2games.com			Gaming																														
Ubisoft	https://ubisoft.com			Gaming																														
Etermax	https://etermax.com			Gaming																														
Habby	https://habby.com			Gaming																														
Digicel	https://digicelgroup.com		25-market telecom + own mobile-money rails (MonCash Haiti 1M+ users, MyCash) plus a global top-up web store accepting Visa/MC/Amex/Discover/Diners/Maestro/PayPal/NCB KeyCard across many markets - fragmented per-market card acceptance, no orchestration layer, documented charged-but-not-credited/declined top-ups. Post-restructuring deleveraging + new CEO/CFO = cost + authorization focus (https://topup.digicelgroup.com/en/faq/top-up-methods/).	Telecom & Connectivity		Digital connectivity provider - mobile (prepaid/postpaid), broadband/fibre, cable TV, enterprise/B2B & cloud, plus mobile financial services (MonCash/MyCash mobile money, remittances, top-ups) across ~25 markets in the Caribbean & Central/South America, ~9M customers (https://en.wikipedia.org/wiki/Digicel).	Telecom services (prepaid-heavy mobile, broadband, cable, enterprise/cloud) + mobile financial services/fintech (wallets, cross-border remittance, prepaid top-up). B2C + B2B (https://en.wikipedia.org/wiki/Digicel).	Enterprise	Caribbean (Jamaica, Haiti, Trinidad & Tobago) + Central America; global for top-up/remittance	Operational HQ Kingston, Jamaica; incorporated Bermuda (https://en.wikipedia.org/wiki/Digicel).	~5,000 (est., post-Pacific-sale) - low confidence (https://www.zoominfo.com/c/digicel-group-ltd/350706276).	Private - bondholder-controlled since Jan 2024 (PGIM, Contrarian, GoldenTree ~90%; O'Brien ~10%) (https://www.irishtimes.com/business/2024/01/29/digicel-completes-restructuring-that-cuts-obrien-stake-to-10/).	US$1.8B for 12 months ended March 2026 (down ~5% vs ~US$1.9B); EBITDA margin >40% (https://jamaica-gleaner.com/article/business/20260624/digicel-revenue-dips-us18-billion-improvements-result-rating-upgrade).	digicelgroup.com (SimilarWeb desktop): Jamaica 22.4%, Trinidad & Tobago 19.4%, US 10.5%, UK 7.0%, India 5.4% (https://www.similarweb.com/website/digicelgroup.com/).	Top-up web store (topup.digicelgroup.com) accepts Visa, Mastercard, Amex, Discover, Diners, Maestro, PayPal, NCB KeyCard [DIRECT] (https://topup.digicelgroup.com/en/faq/top-up-methods/). Runs its OWN mobile-money PSP MonCash (Haiti, REST API, 1M+ users) + MyCash wallet [DIRECT]. Named third-party acquirer for the store = No public evidence found.	No public evidence of an orchestration layer; runs proprietary rails (MonCash/MyCash) + multi-brand card checkout (no orchestrator named) (https://topup.digicelgroup.com/en/faq/top-up-methods/).	Likely Yes - fragmented per-market acceptance across ~25 markets + own MonCash/MyCash rails + multi-brand card + PayPal on the store; no single source documents a consolidated multi-processor setup.	MonCash (Haiti); MyCash wallet + QR merchant pay (Jamaica); PayPal; Mastercard co-branded wallet cards via Digicel Financial Services-Mastercard deal (2022); WorldRemit inbound remittance; cash/voucher top-up (https://www.jamaicaobserver.com/business/digicel-mastercard-sign-multi-market-deal/).	Recurring top-up complaints: charged-but-no-credit, double charges, cards suddenly declined, failed/looping transactions (Trustpilot topup.digicelgroup.com) (https://ca.trustpilot.com/review/topup.digicelgroup.com).	Liberty Latin America (Flow/C&W/BTC), Claro (America Movil), Altice, Orange, bmobile/TSTT. No public evidence these use an orchestrator (https://www.cepal.org/en/notes/new-era-caribbean-telecommunications).	2024 debt restructuring (~$1.7B debt-for-equity, bondholders ~90%, O'Brien 10%, Rajeev Suri chair). New Group CEO Marcelo Cataldo (May 2024, ex-Tigo) + CFO Leopoldo Gutierrez (May 2024). 2026: O'Brien warrants, valuation >$1.1B, reports bondholders may prep a sale; Moody's upgrade B1 (Jun 2026) (https://www.irishtimes.com/business/2024/01/29/digicel-completes-restructuring-that-cuts-obrien-stake-to-10/).	Pain: fragmented per-market card acceptance on the top-up store with documented charged-but-not-credited + declines, no orchestration. Yuno: single API unifies acquiring across all top-up markets, smart routing (+7%, ~50% recovery) + per-market local APMs. Best case: recover complained-about failed top-ups.	Pain: card top-up + own wallets (MonCash/MyCash) on separate rails; no unified acceptance. Yuno: orchestrate cards + MonCash/MyCash + local APMs through one integration and distribute MonCash as a Yuno APM.	Pain: post-restructuring deleveraging + cost discipline, revenue declining. Yuno: smart routing cuts processing cost + consolidates fragmented per-market PSP sprawl into one vendor - EBITDA gains as they position for a possible sale.	New CEO/CFO reset (May 2024) + Moody's B1 upgrade (Jun 2026) + reported sale prep + fintech (MonCash/MyCash + Mastercard) expansion = window where payment cost, authorization and fintech monetization are board-level.	11	2	Prospecting	Aniqa Sandhu - CEO, Digicel Financial Services (MonCash/MyCash owner) - best fintech entry (https://www.gsma.com/solutions-and-impact/connectivity-for-good/mobile-for-development/blog/digicel-haiti-moncash-turnaround-story/).	Leopoldo Gutierrez - Group CFO (cost/deleveraging owner) (https://www.prnewswire.com/news-releases/digicel-appoints-marcelo-cataldo-as-group-chief-executive-officer-302116059.html).	Marcelo Cataldo - Group CEO (turnaround sponsor) (https://corporate.digicelgroup.com/en/investor-relations/marcelo-cataldo).	Lead to DFS CEO / Group CFO on the top-up web store + online card acceptance across ~25 markets plus MonCash/MyCash: one API to unify acquiring, add local APMs per market, cut declines + failed top-ups (+7% approval, ~50% recovery), reduce processing cost as they deleverage. Secondary: orchestrate + distribute MonCash/MyCash as APMs.	Medium-high on corporate facts (restructuring, ownership, revenue, leadership - primary sources). Medium on payment stack: top-up card brands confirmed from official pages, specific third-party acquirer undisclosed. Low: exact headcount (~5,000 est).	No
RecargaPay	https://recargapay.com.br		Brazilian payments super-app whose marquee product Pix parcelado (funding instant Pix with a credit card up to 12x) plus wallet top-ups makes it a HIGH-volume card ACQUIRER on pay-in; also expanding into two-sided merchant acquiring (Tap to Phone w/ Visa, readers, payment links). Yuno angle = pay-in acquiring optimization + local-method routing/redundancy at scale.	Fintech		All-in-one mobile payments/fintech super-app for consumers & SMEs in Brazil: top-ups, bill/boleto pay, Pix (incl. Pix-in-installments on card), digital account/wallet, cards, loans/BNPL, investments, plus merchant tools (https://en.wikipedia.org/wiki/RecargaPay ; https://paymentscmi.com/insights/recargapay-fintech-profile-brazil/).	B2C + B2B fintech. Revenue: telco/gift-card commissions, boleto & bill-pay fees, interchange, lending/BNPL interest, investment spread, merchant acquiring fees. CEO: 'vertically integrated payment stack' (https://paymentscmi.com/insights/recargapay-fintech-profile-brazil/).	Enterprise	Brazil	Sao Paulo, Brazil (offices Buenos Aires & Miami) (https://en.wikipedia.org/wiki/RecargaPay).	~600+ employees (fully remote) (https://en.wikipedia.org/wiki/RecargaPay).	Private	R$1.2B revenue reported Feb 2025 (~2024, ~US$210M); 2023 >US$200M at 55% YoY; profitable since 2022. TPV: Not found (https://tracxn.com/d/companies/recargapay).	~943K visits/3mo (app-first understates web). Brazil 97.3%, Angola 0.5%, Portugal 0.4%, Paraguay 0.4%, US 0.4% (Jun 2026) (https://www.similarweb.com/website/recargapay.com.br/).	'Vertically integrated payment stack' (largely in-house per CEO); Visa partnership for Tap to Phone (2025); regulated by BCB as Payment Institution + SCD + SCFI. External acquirer/gateway partners Not publicly disclosed [company statement/PR] (https://paymentscmi.com/insights/recargapay-fintech-profile-brazil/).	No - not known to use a third-party orchestrator; built its own vertically integrated stack (https://paymentscmi.com/insights/recargapay-fintech-profile-brazil/).	No public evidence of multiple external card processors - in-house + Visa direct. Not confirmed (https://paymentscmi.com/insights/recargapay-fintech-profile-brazil/).	Confirmed: Pix (>80% of transactions, incl. Pix-in-installments funded by credit card), credit & debit cards (Visa), boleto bancario, wallet balance, mobile & transport top-ups (https://paymentscmi.com/insights/recargapay-fintech-profile-brazil/).	Reclame Aqui: unauthorized card/invoice creation, paid-but-not-credited, blocked balances / Pix withdrawal holds, auto-loans without consent. ~75.7% resolved (https://www.reclameaqui.com.br/empresa/recargapay/).	Nubank, Mercado Pago, PicPay, PagBank/PagSeguro, C6 Bank, Ame Digital, Stone. Most peers are acquirers themselves; orchestration uncommon (https://tracxn.com/d/companies/recargapay).	Funding ~US$127-152M (Series C US$70M Feb 2021 led by IDC Ventures; IFC, IDB Invest). 2024-25: 7M->10M users + profitability + credit card (Apr 2024); Visa Tap to Phone (Mar 2025); Platinum/Black cards (Jun 2025); credit push (Aug 2025) (https://www.crunchbase.com/organization/recargapay).	Pain: Pix-on-credit-card + wallet top-ups run massive card-acquiring on a single/in-house rail - any auth dip/outage kills conversion. Yuno: smart routing +7%, ~50% recovery via multi-acquirer retries/fallback. Best case: Rappi/InDrive.	Pain: two-sided expansion (Tap to Phone, readers, payment links for SMEs) = acquiring FOR merchants needing redundancy + cost + cross-acquirer routing. Yuno: single API to 1,000+ methods/PSPs = instant multi-acquirer resilience + best-cost routing.	Pain: card-decline + chargeback exposure (Reclame Aqui 'paid but not credited') + BNPL scaling raise false declines + fraud cost. Yuno: unifies antifraud + smart retries + reconciliation, cutting false declines + ops overhead.	Aggressive 2024-25 scale-up (10M users, profitability, SME acquiring via Tap to Phone) = payment-volume inflection where approval rate + cost move P&L; window to pitch pay-in optimization before/while they build in-house.	13	2	Prospecting	Rodrigo Teijeiro - Founder & CEO (https://www.crunchbase.com/person/rodrigo-teijeiro).	Diego Escobar - CFO (low confidence, verify) (https://www.zippia.com/recargapay-careers-1416200/executives/).	Alvaro Teijeiro - Co-founder & CTO (open 'VP, Payments' role signals payments-org build-out) (https://en.wikipedia.org/wiki/RecargaPay).	Lead with pay-in acquiring economics, not 'you lack an orchestrator': 'You run one of Brazil's largest card-funded Pix flows on a vertically-integrated rail - Yuno adds routing/redundancy over your existing acquiring to lift approval ~+7%, recover failed pay-ins, plus best-cost multi-acquirer routing for your new SME merchant book.' Complementary, not rip-and-replace.	High on profile, scale, users, revenue, products, APMs, complaints. Low/unverified: external acquirer/PSP partners (claims in-house), precise TPV, CFO identity, multi-processor existence.	No
Gen Mobile	https://genmobile.com			Telecom & Connectivity																														
KeepCalling	https://keepcalling.com			Telecom & Connectivity																														
Rebtel	https://rebtel.com			Telecom & Connectivity																														
Talk360	https://talk360.com			Telecom & Connectivity																														
Tello Mobile	https://tello.com			Telecom & Connectivity																														
TextNow	https://textnow.com			Telecom & Connectivity																														
Ultra Mobile	https://ultramobile.com			Telecom & Connectivity																														
US Mobile	https://usmobile.com			Telecom & Connectivity																														
Yolla	https://yollacalls.com			Telecom & Connectivity																														
aloSIM	https://alosim.com			Telecom & Connectivity																														
BNESIM	https://bnesim.com			Telecom & Connectivity																														
Gigs	https://gigs.com			Telecom & Connectivity																														
Global YO	https://globalyo.com			Telecom & Connectivity																														
Jetpac	https://jetpacglobal.com			Telecom & Connectivity																														
Maya Mobile	https://maya.net			Telecom & Connectivity																														
MobiMatter	https://mobimatter.com			Telecom & Connectivity																														
RedteaGO	https://redteago.com			Telecom & Connectivity																														
Roamless	https://roamless.com			Telecom & Connectivity																														
Sim Local	https://simlocal.com			Telecom & Connectivity																														
Yesim	https://yesim.app		Global travel eSIM (Genesis Group AG; 3M+ active users, 200+ destinations) that is 100% cross-border digital checkout. Trustpilot shows repeated card/country decline errors blocking purchases at the moment of travel, plus a broad self-run card+wallet+Pix+Ycoins stack with NO named orchestrator - a textbook approval-recovery + local-APM wedge (https://www.trustpilot.com/review/yesim.app).	Telecom & Connectivity		Swiss travel-eSIM provider/app: prepaid local/regional/worldwide mobile data plans, virtual phone numbers, built-in VPN, MultiSIM manager, plus a B2B side (Partner API reseller, OneBalance corporate eSIM). Aggregator across 800+ carriers, 200+ destinations, iOS/Android + web (https://en.wikipedia.org/wiki/Yesim).	Primarily B2C prepaid eSIM (one-off + Pay & Fly flexible plans) sold in-app/web via a proprietary Ycoins wallet; plus B2B/B2B2C - eSIM reseller/affiliate (Partner API), virtual numbers, corporate eSIM (OneBalance) (https://yesim.app/about-us/).	SMB / lower Mid-Market (3M+ users, 200+ markets, but only ~46-86 employees)	Global (200+ destinations; legal home Switzerland). Traffic skews Australia / US / Mexico (https://www.semrush.com/website/yesim.app/overview/).	Baar, Canton of Zug, Switzerland (Genesis Group AG; offices Switzerland, UAE, Europe) (https://en.wikipedia.org/wiki/Yesim).	~46 (PitchBook) to ~86 (Tracxn, May 2026) - small team (https://pitchbook.com/profiles/company/541072-99).	Private (https://www.crunchbase.com/organization/yesim).	Not found (no audited figure). Owler estimates <$1M but appears stale given 3M+ users. Low confidence (https://www.owler.com/company/yesim2).	Top geographies: Australia, US, Mexico (Semrush). Global web rank ~#131k (https://www.semrush.com/website/yesim.app/overview/).	No public evidence names a specific PSP/acquirer. Privacy policy: 'we do not store full card details. Payments are processed by our payment service providers.' [self-reported, PSP unnamed]. Methods breadth consistent with a modern PSP but not confirmed (https://yesim.app/privacy-policy/).	No public evidence of an orchestrator. The plural 'payment service providers' is the only (weak) hint of a multi-PSP setup; no orchestration layer disclosed (https://yesim.app/privacy-policy/).	Unclear - lean 'possibly Yes, unconfirmed.' Privacy policy references 'providers' (plural) + PayPal is a separate rail, suggesting >=2 processors, but no named second processor verified (https://yesim.app/payment-details/).	Confirmed (payment-details): Visa, Mastercard, Amex, Discover, Diners, JCB, UnionPay; Apple Pay, Google Pay; PayPal; Pix (Brazil, w/ 3.5% IOF); proprietary Ycoins wallet (https://yesim.app/payment-details/).	Yes - Trustpilot: card/country errors blocking checkout; unexpected charges; EUR0.50 verification-hold friction; refund friction incl. refund offered only if customer deletes public review; small refunds issued as Ycoins not to card (https://www.trustpilot.com/review/yesim.app).	Airalo, Holafly, Nomad, Saily (Nord Security), GigSky, EasySim. Large peers (Airalo) run multi-PSP global stacks and are prime orchestration adopters (https://en.wikipedia.org/wiki/Yesim).	Launched MultiSIM May 2025; surpassed 1M users 2025 (site now claims 3M+ active); MWC exhibitor; expanded B2B (Partner API, OneBalance). Funding: only 1 disclosed round, investor AdFirst, amount undisclosed - no recent 2024-25 raise found (https://www.crunchbase.com/organization/yesim).	Pain: Trustpilot shows travelers hitting card/country decline errors at checkout - failed purchases at the exact moment they land abroad. Yuno: smart routing + cross-acquirer retries/failover (+7%, ~50% recovery). Best case: first-time traveler's card converts instead of erroring out to Airalo/Holafly.	Pain: global buyer base (top traffic AU/US/Mexico) but thin local coverage - only Pix verified, no OXXO/SPEI (Mexico top-3), no UPI, no regional wallets. Yuno: single API to 1,000+ methods switches on local APMs market-by-market with no new PSP integrations.	Pain: a ~46-86-person company self-maintains a wide card+wallet+PayPal+Pix stack plus a Ycoins ledger, with privacy policy implying multiple 'providers' and no orchestration = fragmented routing/reconciliation/failover. Yuno: unifies PSPs/methods behind one API + reconciliation/vaulting, freeing the small team.	eSIM market consolidating (Airalo now a $220M unicorn) - Yesim must defend conversion + margins; active B2B push raises reconciliation complexity; documented checkout decline complaints are live leakage; travel-eSIM demand is seasonal so peak-season approval is board-level (https://www.newsfilecorp.com/release/250313/Yesim-Launches-MultiSIM-A-Seamless-Solution-for-Managing-Multiple-eSIMs).	11	2	Prospecting	Dmitri Verbovski - Founder & CEO (also Chair, Genesis Group AG) (https://theorg.com/org/yesim/org-chart/dmitri-verbovski).	Max Pankratov - Founder & COO / Co-Founder Genesis Group AG; 20+ yrs starting in banking & finance - payments-literate economic buyer (https://www.linkedin.com/in/max-pankratov/).	Not found - no dedicated Head of Payments; small team, payments likely owned by COO Pankratov (https://yesim.app/about-us/).	Lead with lost first-sale conversion: 'travelers hit card/country decline errors at your checkout at the exact moment they need data - that's churn straight to Airalo/Holafly.' Yuno smart routing + failover recovers those (+7%, ~50%) + adds local APMs (start OXXO/SPEI for your Mexico traffic, UPI, regional wallets) via one API - no new PSP builds. Entry = COO Max Pankratov (banking/finance, owns payments).	Medium. High: what they do, HQ, founders, accepted methods, complaints, MultiSIM news. Low/flagged: N revenue (stale Owler), L (46-86), P PSP identity (unnamed), R (inferred), Q (absence of evidence).	No
Pluralsight	https://pluralsight.com			Education																														
AXS	https://axs.com			Marketplaces & Services																														
Cinépolis	https://cinepolis.com			Marketplaces & Services																														
DICE	https://dice.fm			Marketplaces & Services																														
Ticketmaster (Live Nation)	https://ticketmaster.com			Marketplaces & Services																														
Tiqets	https://tiqets.com			Marketplaces & Services																														
Viagogo	https://viagogo.com			Marketplaces & Services																														
Viator	https://viator.com			Marketplaces & Services																														
Buy Me a Coffee	https://buymeacoffee.com			Marketplaces & Services																														
Classy	https://classy.org			Marketplaces & Services																														
Donorbox	https://donorbox.org			Marketplaces & Services																														
DonorsChoose	https://donorschoose.org			Marketplaces & Services																														
Fundraise Up	https://fundraiseup.com			Marketplaces & Services																														
Givebutter	https://givebutter.com			Marketplaces & Services																														
GlobalGiving	https://globalgiving.org			Marketplaces & Services																														
Kickstarter	https://kickstarter.com			Marketplaces & Services																														
Kiva	https://kiva.org			Marketplaces & Services																														
Republic	https://republic.com			Marketplaces & Services																														
Binance.US	https://binance.us			Crypto & Web3																														
Gemini	https://gemini.com		Post-IPO margin crisis + Feb-2026 restructuring (25% staff cut, COO/CFO/CLO ousted, exited UK/EU/AU, refocus on US + prediction markets) = acute payment-cost/efficiency pressure; single card on-ramp processor (Checkout.com) = orchestration greenfield to lift fiat-to-crypto approval and cut cost (https://www.coindesk.com/business/2026/02/17/gemini-stock-plunges-after-it-parts-ways-with-coo-cfo-and-chief-legal-officer-months-after-ipo).	Crypto & Web3		US-based cryptocurrency exchange, custodian and stablecoin (GUSD) issuer; retail + institutional trading, staking, Gemini Credit Card, and fiat on/off-ramp; founded 2014 by Tyler & Cameron Winklevoss (https://en.wikipedia.org/wiki/Gemini_(cryptocurrency_exchange)).	Transaction/trading fees + spread on fiat-to-crypto and crypto trades, custody & staking fees, credit-card interchange, and stablecoin/interest income; B2C retail + institutional (https://sacra.com/c/gemini/).	Enterprise	United States	600 Third Avenue, New York, NY, USA (https://www.cbinsights.com/company/gemini-exchange).	~650 pre-cut (PitchBook), reduced ~25% in Feb 2026 to roughly ~490 (https://www.coindesk.com/business/2026/02/17/gemini-stock-plunges-after-it-parts-ways-with-coo-cfo-and-chief-legal-officer-months-after-ipo).	Public, IPO'd on Nasdaq 12 Sep 2025, ticker GEMI (Gemini Space Station, Inc.), priced $28/share, ~$3.3B valuation, raised $425M (https://www.cnbc.com/2025/09/11/winklevoss-founded-crypto-exchange-gemini-prices-ipo.html).	FY2024 revenue $142.2M (net loss $158.5M); FY2025 revenue $179.6M, +26% (net loss widened to $582.8M); >$21B assets on platform Jul 2025 (https://cryptoslate.com/gemini-ipo-filing-reveals-ripple-credit-deal-282m-net-loss-in-2025/).	US 63.3%, India 4.65%, UK 3.55% (Similarweb, Aug 2025) (https://www.similarweb.com/website/gemini.com/).	Card on-ramp: debit cards added after 06/18/2025 processed via Checkout.com through Gemini Moonbase, LLC [confirmed, Gemini Payment Processing Disclosure]. Other rails: ACH, SWIFT/wire, SEPA, FPS/CHAPS, FAST via banking partners; PayPal, Apple Pay, Google Pay supported (https://support.gemini.com/hc/en-us/articles/37329915819547-Payment-Processing-Disclosure).	No orchestrator found, cards routed directly to a single processor (Checkout.com); no public evidence of a payment-orchestration layer.	No, card acquiring appears single-processor (Checkout.com since Jun 2025, via Moonbase); bank rails (ACH/wire/SEPA/FPS) handled separately by banking partners, not a second card processor.	Debit card, ACH, SWIFT wire, SEPA (EUR), FPS/CHAPS (GBP), FAST (SGD), PayPal, Apple Pay, Google Pay (https://support.gemini.com/hc/en-us/articles/4402719030171-What-payment-methods-are-supported).	Gemini Earn froze ~340,000 customers' funds after Genesis halted withdrawals (Nov 2022); SEC sued 2023 over unregistered securities via Earn, settled/dismissed 2025; class actions and DCG/Genesis litigation (https://www.consumernotice.org/legal/gemini-lawsuit/).	Coinbase (COIN), Kraken, Binance, Bullish; crypto exchanges are strong orchestration adopters for fiat on-ramp approval optimization.	May 2025 MiFID II license; Aug 2025 MiCA license via Malta (30+ EU markets); Sep 2025 Nasdaq IPO (GEMI) + Nasdaq $50M investment; announced ~$24M India expansion; migrated card processing to Checkout.com Jun 2025, THEN Feb 2026 REVERSAL: exited UK/EU/Australia exchange ops, cut ~25% of staff, COO/CFO/CLO departed, refocus on US + prediction markets (https://www.coindesk.com/business/2026/02/17/gemini-stock-plunges-after-it-parts-ways-with-coo-cfo-and-chief-legal-officer-months-after-ipo).	PAIN: fiat-to-crypto card funding on a single processor (Checkout.com) exposes them to high crypto MCC decline rates and no failover. VALUE: Yuno smart routing (+7% approval, 50% recovery) turns rejected card top-ups into completed funding. BEST CASE: recovering declined on-ramp volume grows trading/spread revenue they are under post-IPO pressure to expand.	PAIN: $582.8M FY2025 net loss + 25% headcount cut = mandate to lower cost per transaction without adding payments engineers. VALUE: one Yuno API replaces per-processor and per-market integrations, consolidating fiat on-ramp ops with least-cost routing/redundancy.	PAIN: India is Gemini's #2 audience (4.65% traffic) and a named expansion market, but card/Checkout.com coverage under-serves local rails (UPI/netbanking). VALUE: Yuno's single API to 1,000+ methods adds local APMs where Gemini keeps operating (US + India + prediction markets).	Feb 2026 restructuring (25% staff cut, C-suite turnover, US/prediction-market refocus) + first full public-company year of margin scrutiny = active cost-efficiency and on-ramp-conversion mandate; founders now directly own ops decisions.	10	2	Prospecting	Cameron Winklevoss, President & Co-founder (covering COO/ops post-Feb 2026), primary economic buyer for payment ops (https://www.coindesk.com/business/2026/02/17/gemini-stock-plunges-after-it-parts-ways-with-coo-cfo-and-chief-legal-officer-months-after-ipo)	Danijela Stojanovic, interim CFO (Chief Accounting Officer since May 2025), cost/efficiency owner (https://www.cfodive.com/news/gemini-cfo-coo-clo-exit-abruptly-cryptocurrency/812373/)	Tyler Winklevoss, CEO & Co-founder (no dedicated Head of Payments publicly identified; Not found)	Do NOT lead with 'global expansion' (they just exited UK/EU/AU). Lead with post-restructuring efficiency + revenue rescue: single-processor card on-ramp (Checkout.com) leaves declined fiat funding on the table; Yuno's +7% approval / 50% recovery converts rejected top-ups into trading revenue on the top line they are pressured to grow, while consolidating on-ramp vendors and adding failover across US + India + prediction markets, no new payments headcount (they just cut 25%).	Medium-high. Well-sourced: IPO, financials, HQ, Checkout.com card processing, traffic, complaints, Feb-2026 restructuring. Lower: exact current headcount post-cut; whether India on-ramp remains live; no named dedicated Head of Payments.	No
Mercado Bitcoin	https://mercadobitcoin.com.br		Tether invested $20M (Jul 7 2026) in a strategic round explicitly earmarked to 'expand payments infrastructure' + international expansion, while Reclame Aqui/Cointelegraph document recurring Pix deposit failures/delays and MB accepts NO card on-ramp, a live conversion + reliability gap Yuno's routing/failover and one-API acquiring directly address (https://tether.io/news/tether-to-invest-20-million-in-strategic-financing-round-for-mercado-bitcoin-to-accelerate-onchain-financial-infrastructure-in-latin-america/).	Crypto & Web3		Largest crypto/digital-asset exchange in Brazil & LatAm (2TM group): buy/sell/custody crypto, fiat on/off ramp, tokenization/securitization, lending and a digital banking account; 4.5M users, R$2B+ tokenized assets (https://tether.io/news/tether-to-invest-20-million-in-strategic-financing-round-for-mercado-bitcoin-to-accelerate-onchain-financial-infrastructure-in-latin-america/).	B2C + B2B digital-asset platform; monetizes via trading fees/spreads, custody, tokenization/securitization, lending/credit and banking services. Holds a Payment Institution license from Banco Central do Brasil.	Enterprise	Brazil	Barueri / Sao Paulo, Brazil; parent 2TM also HQ'd in Portugal for EU ops (https://www.easyleadz.com/company/mercado-bitcoin).	~525-660 employees; Revelio Labs ~631 in 2025 (https://www.reveliolabs.com/companies/mercado-bitcoin-servicos/employees/).	Private (2TM Group; SoftBank/Tether-backed)	No audited revenue public. 2TM valued ~$2.1B at 2021 SoftBank Series B; R$2B+ tokenized assets by 2026 (https://bitcoinmagazine.com/business/mercado-bitcoin-raises-200-million). Revenue: Not found.	Brazil-dominant: ~93% of traffic from Brazil, ~377.7K monthly visits (SimilarWeb, Mar 2026) (https://www.similarweb.com/website/mercadobitcoin.com.br/).	Operates fiat rails in-house under its own Banco Central Payment Institution license (Pix/TED/DOC settle directly); no third-party PSP/acquirer or card-acquirer publicly disclosed. [OWN-PI / No public evidence of external PSP].	No public evidence of a payment orchestrator; fiat rails run on its own PI license / in-house stack.	No, single dominant rail (Pix, via own PI license); no evidence of multiple external processors.	Confirmed deposit/withdrawal methods: Pix, TED and DOC (bank transfer) to the MB account; help docs list Pix/TED/DOC only, with NO credit/debit-card on-ramp (https://www.mercadobitcoin.com.br/digital). Boleto: no current public evidence (low confidence).	Yes, numerous Reclame Aqui complaints of Pix deposits stuck 'in analysis' 36h-7 days / not credited (https://www.reclameaqui.com.br/mercado-bitcoin/); Cointelegraph: clients wait up to a week for Pix compensation (https://br.cointelegraph.com/news/customers-wait-up-to-a-week-for-confirmation-from-pix-and-deposits-in-mercado-bitcoin).	Competitors: Binance, Foxbit, Ripio, Bitso, Coinext, NovaDax, Bipa; Coinbase entering LatAm. No evidence any use a payment orchestrator, greenfield for Yuno.	Tether $20M strategic round Jul 2026 for payments infra + LatAm/international expansion (https://decrypt.co/372946/tether-invests-20-million-mercado-bitcoin-fuel-expansion-latin-america); prior SoftBank $200M Series B / $2.1B valuation (2021); CriptoLoja (Portugal) acquisition for EU/MiCA expansion.	PAIN: MB offers no card on-ramp (Pix/TED/DOC only), capping first-deposit conversion. VALUE: one Yuno integration adds card acquiring + local APMs per market. BEST CASE: like Rappi/Livelo adding methods via Yuno to raise checkout conversion.	PAIN: recurring Pix deposit failures/delays generate complaints and abandoned funding. VALUE: Yuno smart routing + retries/failover across multiple Pix providers lifts approval ~7% and recovers ~50% of failed transactions.	PAIN: Tether-funded push into Europe (MB Euro/MiCA) and 10+ markets means integrating a new PSP/APM stack per country. VALUE: Yuno's single API across 200+ countries lets MB expand acceptance market-by-market without rebuilding.	Catalyst: fresh Tether capital (Jul 2026) explicitly for payments-infrastructure + international expansion, layered on active Pix-reliability complaints and a missing card on-ramp.	13	1	Prospecting	Roberto Dagnoni, Chairman & CEO, Mercado Bitcoin/2TM (https://br.linkedin.com/in/robertodagnoni)	Andre Gouvinhas, CFO, Mercado Bitcoin (https://theorg.com/org/mercado-bitcoin/teams/leadership-team-1)	Reinaldo Rabelo, CEO MB Euro (leads regulated payments/on-chain infra in Europe) (https://www.linkedin.com/in/reinaldo-rabelo-mb/)	Lead with the Tether 'expand payments infrastructure' mandate: Yuno gives MB one API to add card acquiring + multi-provider Pix redundancy (fixing public deposit-failure complaints) and to spin up local acceptance as MB Euro scales, approval +7%, ~50% recovery. Target CFO Gouvinhas and Rabelo (EU expansion).	Medium-High. Verified: funding/Tether, complaints, traffic, leadership, deposit methods, no-orchestrator. Low: N (no audited revenue), S (boleto/card availability inferred), L (524-661 varies), P (specific Pix settlement partner not disclosed).	No
Airtm	https://airtm.com		Airtm has mastered PAYOUTS across ~190 countries/500+ methods, but its PAY-IN/funding side runs on a single crypto on-ramp, MoonPay (Visa/MC only, 3.98%+ fee) for consumer card deposits, in the exact LATAM markets (VE/AR/BR/CO) where local acquiring + APMs convert far better. Wedge = the collections side, not payouts (https://help.airtm.com/en/support/solutions/articles/47001198151).	Crypto & Web3		Cross-border digital-dollar (USDC) wallet + P2P cashier network + mass-payout platform for emerging markets (heavy LATAM); recipients get paid in USDC and convert via 500+ local methods across ~190 countries (https://www.circle.com/case-studies/airtm ; https://www.bridge.xyz/case-study/airtm-case-study).	Two-sided: (1) B2B mass payouts, enterprises fund and disburse to gig workers via Airtm's network; (2) B2C wallet, fees on deposits (3.98% card), withdrawals, currency conversion and FX spread on USDC to local.	Mid-Market	LATAM / emerging markets, core Venezuela, Argentina, Colombia, Brazil; plus US (payer side), Africa (Kenya, Nigeria), South Asia (India, Bangladesh).	Mexico City, Mexico (also SF presence; incorporated Delaware) (https://stockanalysis.com/private/airtm/).	~264 (Oct 2025) growing to ~301 (Jan 2026), actively hiring (https://tracxn.com/d/companies/airtm/).	Private (Series B stage; secondary shares on Hiive) (https://stockanalysis.com/private/airtm/).	~1.8M users (Bridge case study) up to 'over 5M' in marketing; reported >$5B transaction volume 2024, >$15B cumulative by early 2025 (LOW CONF, aggregator-sourced); no public revenue figure, Not found (https://www.bridge.xyz/case-study/airtm-case-study).	airtm.com ~1.2M monthly visits; top countries: Venezuela ~16.5%, US ~12.3%, Kenya ~8.5%, Argentina ~7.1%, Brazil ~6.2%; 72.75% direct (https://www.similarweb.com/website/airtm.com/).	Fragmented point-solution stack, NOT a unified pay-in layer. PAY-IN: consumer card deposits 100% via MoonPay (Visa/MC only, 3.98% min $3.99) [VERIFIED help]; enterprise funding via Bridge (US ACH, FedWire, SEPA virtual accounts, USD to USDC) [VERIFIED]; USDC via Circle; Stellar rails; virtual card issued by Lead Bank via Bridge (https://help.airtm.com/en/support/solutions/articles/47001198151 ; https://www.bridge.xyz/case-study/airtm-case-study).	Airtm IS itself a payout orchestrator/network (500+ methods, ~190 countries). BUT on its own PAY-IN/collections side it uses single-point providers (MoonPay cards, Bridge bank/stablecoin), NO third-party pay-in orchestrator.	Yes, multiple providers run in parallel but siloed: MoonPay (cards), Bridge (bank/stablecoin + card issuing mgmt), Circle (USDC), Stellar, Lead Bank (Visa issuer). No unified pay-in routing/failover.	PIX (Brazil), Nequi & Daviplata (Colombia), QR pay (Argentina), bank transfers/ACH across LATAM, cash networks (Western Union, MoneyGram, PagoFacil), e-wallets (PayPal, Uphold, AdvCash, Skrill), USDC/USDT, gift cards; card deposits Visa/MC only via MoonPay (https://www.airtm.com/en/blog/enterprise/payment-methods/).	Trustpilot: recurring complaints of accounts frozen/blocked without explanation, withdrawals delayed / funds stuck, slow support (https://www.trustpilot.com/review/www.airtm.com).	Competitors: Payoneer, Wise, dLocal, Remitly, PayPal; crypto on/off-ramps incl. MoonPay. Not a Yuno customer; peers like dLocal run their own proprietary rails.	24mo: Feb 2025 Tech Mahindra partnership powering payouts for Populii (500 methods/190 countries); Tala embedded-credit disbursing USDC loans to Airtm wallets; Shaip moved 100% of contributor payouts to Airtm stablecoin rails; Bridge virtual-accounts integration; headcount 264 to 301. Total raised ~$25M (https://stellar.org/case-studies/airtm-x-bridge-cross-border-payments).	PAY-IN LOCAL-APM GAP: Airtm's consumer wallet funding runs 100% through MoonPay (Visa/MC only, 3.98%+ min $3.99), in VE/AR/BR/CO where local cards, PIX-in and cash-in convert better and cheaper. Value: Yuno adds direct local acquiring + APMs (PIX, local cards, OXXO) on the deposit rail with smart routing (+7% approval). Best case: Rappi, LATAM local-APM acquiring at scale.	ENTERPRISE COLLECTIONS: Airtm is onboarding enterprise payout clients (Tech Mahindra/Populii, Shaip, Tala), but funding leans on Bridge ACH/SEPA/wire, weak for LATAM/emerging-market enterprises who need to pay IN via local cards/methods. Value: Yuno's one-API pay-in across 1,000+ methods / 200+ countries lets Airtm collect enterprise funding locally. Best case: InDrive.	SINGLE-PROVIDER CONCENTRATION: card pay-ins depend on one provider (MoonPay) with no redundancy/failover, and the funding stack (MoonPay+Bridge+Circle+Stellar+Lead Bank) has no unified retry/reconciliation, plausibly linked to 'stuck funds' complaints. Value: Yuno gives multi-acquirer failover + up to 50% recovery + one reconciliation layer.	Timing: ~45% TPV growth and stated goal toward $25B volume by 2030; Feb 2025 Tech Mahindra/Populii + new enterprise clients (Shaip, Tala) = onboarding enterprise payers who need local pay-in NOW; rapid hiring (264 to 301); margin pressure to replace the 3.98% MoonPay ramp with cheaper local acquiring.	11	2	Prospecting	Ruben Galindo Steckel, Co-Founder & CEO (https://www.crunchbase.com/person/ruben-galindo)	Antonio Garcia, Co-Founder & CTO (https://businessmodelcanvastemplate.com/blogs/owners/airtm-who-owns)	Tim Parsa, Co-Founder & Executive Chairman (dedicated Head of Payments: Not found)	Do NOT pitch 'you need a payout orchestrator' (they ARE one). Lead with the collections wedge: 'You built payouts across ~190 countries/500+ methods, but wallet funding still runs on a single crypto on-ramp (MoonPay, Visa/MC only, 3.98%) in the LATAM markets where local cards/PIX/cash convert best. Yuno adds local acquiring + APMs + smart routing + multi-acquirer failover on your deposit and enterprise-funding rails, one API.' Target CEO Galindo / CTO Garcia.	Medium-high on structure (MoonPay card pay-in, Bridge/Circle/Stellar rails, complaints, traffic, leadership). LOW: exact revenue (Not found); $5B/$15B volume (aggregator, unverified); employee count (264-301); HQ (Mexico City vs SF); dedicated payments contact (Not found).	No
AvaTrade	https://avatrade.com			Fintech																														
Betterment	https://betterment.com			Fintech																														
Exness	https://exness.com		Massive multi-asset FX/CFD broker at $5.1T record monthly volume (Apr 2024) across fragmented emerging markets (India/Africa/LATAM/MENA). Has a dedicated Chief Payments Officer + in-house Payments & Reconciliation teams, yet public withdrawal-failure complaints are spiking (Oct 2025). India = ~30% of traffic under regulatory pressure = urgent diversification catalyst. Hook: resilient multi-processor routing + local-APM breadth on top of their existing stack.	Fintech		Global online multi-asset broker, retail FX & CFDs on forex, metals, crypto, indices, stocks, energies; 40M+ trades/day, 1M+ active clients, 2,000+ staff across 13 countries; founded 2008 (https://www.exness.org/about/).	B2C/B2B online brokerage, revenue from spreads, commissions and order flow on client trading volume; instant deposits/withdrawals fund the trading accounts (payment throughput = core to funnel).	Enterprise	Emerging markets, Asia, MENA, Africa, LATAM. Concentrated in India, UAE, Nigeria, Bangladesh, Egypt, plus South Africa/Kenya/Tanzania.	Limassol, Cyprus (1 Siafi St). Founded 2008. Registered in London EC2V 6DN (https://www.exness.org/about/).	~5,700-7,100. Revelio Labs 5,768 (2025); exness.org lists 5,001-10,000 (~7.1K May 2026) (https://www.reveliolabs.com/companies/exness/employees/).	Private (founder/CEO Petr Valov) (https://tracxn.com/d/companies/exness-group).	Trading volume: record $5.1T monthly, Apr 2024 (+34% MoM); regularly $3T+/month through 2025. Revenue not disclosed, ~$10B annual is an unverified third-party estimate (https://liquidityfinder.com/).	exness.com ~21.77M visits (Dec 2025, Semrush). Top countries: India (~13-30%, largest single source), UAE ~11.6%, Nigeria ~8.7%, Bangladesh ~8.6%, Egypt ~5.1% (https://www.semrush.com/website/exness.com/overview).	No single named external PSP disclosed. Supports 20+ methods across 6 categories (bank cards, e-wallets, mobile money, bank transfers, crypto, local systems); availability is country-gated, strong evidence of many local acquirers/PSPs behind the scenes [inferred multi-processor] (https://get.exness.help/hc/en-us/articles/360007782812).	No public evidence of a third-party orchestrator. Given 100+ country-specific local methods + a Chief Payments Officer and in-house Payments/Reconciliation teams, orchestration is likely built in-house (build-vs-buy incumbent).	Yes, country-gated method availability, 20+ methods over 6 categories, and market-specific acquirers (UPI/local bank India, M-Pesa Kenya/Tanzania, Ozow/Capitec South Africa) confirm multiple processors/local acquirers (https://get.exness.help/hc/en-us/articles/360007782812).	E-wallets: Skrill, Neteller, SticPay, BinancePay. Crypto: USDT (ERC20/TRC20), BTC, USDC. Mobile money: M-Pesa (Kenya, Tanzania), Airtel Money (Tanzania). Local rails: Capitec Pay & Ozow (South Africa), UPI/local bank transfer (India), bank cards (https://tradingfinder.com/brokers/exness/deposit-and-withdrawal-methods/).	Widespread withdrawal complaints: blocked/frozen withdrawals after profits, 'system instability', unresponsive support (Oct 2025); India UPI withdrawals failing silently or taking 3-7 days vs promised minutes (https://www.fastbull.com/brokersview/).	Direct competitors: XM, IC Markets, FXTM, OctaFX, Plus500, XTB. Orchestration users: FX/CFD brokers commonly aggregate local PSPs via cashier layers (Praxis, Corefy), no confirmed named orchestration user in sources.	Actively hiring in payments/fintech (Senior Payments Reconciliation Officer, Payments Ops Team Lead, Malaysia) and expanding commercially (Country Manager, Mexico) into LATAM; ~7K headcount. India traffic (~30%) under regulatory pressure pushing Africa/LATAM/MENA diversification (https://www.fintechcareers.com/employer/exness/).	Pain: withdrawal/payout failures & delays (esp. India UPI, mobile money) are the #1 public complaint and threaten trader trust/retention. Value: Yuno smart routing + automatic processor failover recovers up to ~50% of failed transactions. Best case: fewer stuck withdrawals, lower complaint/churn volume.	Pain: ~30% traffic concentration in India under regulatory freeze = single-market dependency risk. Value: Yuno's 1,000+ methods across 200+ countries lets Exness stand up local APMs fast in Nigeria/Egypt/South Africa/LATAM via one integration. Best case: de-risk India exposure.	Pain: deposit approval rates drive account-funding conversion, but fragmented card/local rails across dozens of markets leak declines. Value: Yuno smart routing adds up to +7% approval and one API replaces the per-country PSP integration load their in-house team carries. Best case: more funded accounts + lower overhead, a layer on top of their stack, not a rip-and-replace.	India regulatory pressure / traffic freeze (India ~30%, largest single market, at risk) forcing Africa/LATAM/MENA diversification; withdrawal-failure complaints spiking (Oct 2025); volumes at record highs ($5T+ months).	15	1	Prospecting	Petr Valov, Founder & CEO (note possible CEO transition, verify on LinkedIn) (https://tracxn.com/d/companies/exness-group)	Chief Payments Officer, role confirmed to exist at Exness but name not public (masked). Prime buyer; target via LinkedIn 'Exness Chief Payments Officer' (https://www.exness.org/about/)	Not found (payments product / VP Payments, pursue via LinkedIn: Exness + 'Payments') (https://cy.linkedin.com/company/exness)	Lead with withdrawal reliability + payout failover (their #1 public complaint, esp. India UPI/mobile money) and India-concentration de-risking via rapid local-APM rollout across Africa/LATAM. Frame Yuno as the routing/failover + local-method layer ON TOP of their in-house stack (augment, not replace). Target the Chief Payments Officer / payments product leadership.	Medium-high. Low-confidence: N (revenue ~$10B unverified estimate, only trading volume verifiable), L (5.7K-7.1K), Q (in-house orchestration inferred), AD/AE/AF (exec names masked, Not found by name), P (specific PSP names not disclosed).	No
FOREX.com	https://forex.com			Fintech																														
IG Group	https://ig.com			Fintech																														
Interactive Brokers	https://interactivebrokers.com			Fintech																														
Moomoo	https://moomoo.com			Fintech																														
OANDA	https://oanda.com			Fintech																														
Pepperstone	https://pepperstone.com			Fintech																														
Plus500	https://plus500.com			Fintech																														
SoFi Invest	https://sofi.com			Fintech																														
Trading 212	https://trading212.com			Fintech																														
Wealthfront	https://wealthfront.com			Fintech																														
Wealthsimple	https://wealthsimple.com			Fintech																														
XTB	https://xtb.com		XTB is scaling a global investing 'super-app' across EU/CEE plus new 2025 launches in UAE, Indonesia, Chile (Brazil pending) on a fragmented per-region deposit stack (Ecommpay cards, Skrill/Neteller, PayU/BlueCash, BLIK/Przelewy24, PayPal) with no orchestration layer, and is launching its own virtual wallet + multi-currency card. Deposit conversion and withdrawal reliability directly drive funded accounts/AUM = clean orchestration wedge (https://www.financemagnates.com/forex/brokers/xtb-gains-indonesian-uae-regulatory-approval-for-operations/).	Fintech		Poland-listed global FX/CFD broker and investing app (stocks, ETFs, CFDs) with 2.16M+ clients at end-2025; building an investing super-app + multi-currency wallet (https://www.xtb.com/en/about-us).	B2C retail brokerage, revenue from CFD spreads/commissions, transactional & financing income and FX; expanding into cash equities/ETF investing, passive-income accounts and a virtual wallet + multi-currency card.	Enterprise	Poland (HQ + #1 market); strong CEE (Czech Republic, Romania, Germany, Spain), wider Western Europe, plus MENA, LATAM and Asia expansion (https://www.similarweb.com/website/xtb.com/).	Warsaw, Poland (XTB S.A. group HQ); UK/international arm operates from London (https://en.wikipedia.org/wiki/XTB_S.A.).	~1,315 employees (FY2025 annual report) (https://www.marketscreener.com/news/xtb-s-a-consolidated-annual-report-for-2025-ce7e5edfd988f426).	Public (WSE: XTB)	Record total operating income of PLN 2,146.8M in FY2025, +14.6% YoY (https://www.marketscreener.com/news/xtb-s-a-consolidated-annual-report-for-2025-ce7e5edfd988f426).	~7.3M monthly visits; top countries Poland, Czech Republic, Romania, Germany, Spain (https://www.similarweb.com/website/xtb.com/).	Ecommpay named on official XTB help center as the Visa-card deposit acquirer [confirmed-official]; plus Skrill & Neteller (Paysafe), PayPal, PayU/BlueCash, BLIK/Przelewy24 and bank transfer (https://www.xtb.com/int/help-center/fees-and-payments-3-4/how-to-deposit-funds-1).	No public evidence of a third-party payment orchestrator; XTB integrates multiple PSPs/APMs directly per region. No public evidence found.	Yes, multiple providers named across official + PL sources: Ecommpay (cards), Paysafe (Skrill/Neteller), PayU/BlueCash, BLIK/Przelewy24, PayPal (https://www.xtb.com/int/help-center/fees-and-payments-3-4/how-to-deposit-funds-1).	Cards (Visa via Ecommpay), bank transfer/wire, PayPal, Skrill, Neteller, BLIK, Przelewy24, PayU/BlueCash; some crypto withdrawal rails (BTC/USDT) reported by review sites (https://www.xtb.com/int/education/funding-your-account).	Trustpilot: recurring withdrawal delays/blocks, invasive/repetitive KYC gating access, and card-deposit blocked after complaints (customers left with manual bank transfer) (https://www.trustpilot.com/review/xtb.com).	Direct competitors: eToro, Plus500, Trading 212, IG (also Revolut, Interactive Brokers, XM). Whether any use a third-party payment orchestrator is not publicly confirmed. Not found.	2025 licenses: UAE (SCA), Indonesia (Bappebti PALN), Chile; Brazil license pending; launching virtual wallet + multi-currency card in EU; CTO/Chief Product & Technology Officer Adam Dubiel (ex-Allegro CTO) since Sep 2023 leading 400+ tech team (https://www.financemagnates.com/forex/brokers/xtb-gains-indonesian-uae-regulatory-approval-for-operations/).	Pain: a separate PSP/APM per country slows every new-market launch (UAE/Indonesia/Chile/Brazil) and caps deposit conversion. Value: one Yuno API adds local funding methods + smart routing per geography with no re-integration. Best case: faster market go-live and higher funded-account conversion (+7% approvals).	Pain: withdrawal delays/failures and card-deposit reliability are the top Trustpilot complaints, eroding trust and retention. Value: Yuno failover routing, 50% recovery on failed payments, and payout orchestration lift deposit success and withdrawal reliability. Best case: fewer blocked/churned clients and lower support load.	Pain: the new virtual wallet + multi-currency card + super-app strategy multiplies flows (top-ups, FX, payouts) across 200+ countries. Value: Yuno unifies card acquiring, local rails, wallets, payouts and reconciliation under one integration with full observability. Best case: XTB ships wallet money-in/out globally without building rails per region.	Live window: 2025 UAE/Indonesia/Chile launches + pending Brazil license (each needs local funding rails) and the virtual wallet + multi-currency card rollout, engage before more single-PSP integrations get hard-wired (https://www.financemagnates.com/forex/brokers/xtb-gains-indonesian-uae-regulatory-approval-for-operations/).	14	1	Prospecting	Pawel Szejko, Management Board Member for Finance (CFO) (https://esg.xtb.com/en/governance/)	Adam Dubiel, Chief Product & Technology Officer (ex-Allegro CTO) (https://www.financemagnates.com/executives/exclusive-xtb-hires-cto-from-polish-e-commerce-giant-to-develop-ai-solutions/)	Omar Arnaout, President of the Management Board (CEO); dedicated Head of Payments not publicly named, Not found (https://esg.xtb.com/en/governance/)	To CFO/CPTO: 'You are launching UAE/Indonesia/Chile/Brazil and a multi-currency wallet on a per-country PSP stack (Ecommpay, Paysafe, PayU, BLIK). One Yuno API gives every market local deposit APMs, +7% approvals via smart routing, and 50% recovery on failed deposits/withdrawals, the exact issues filling your Trustpilot, without re-integrating per region.'	High: revenue (official IR), traffic (Similarweb), Ecommpay + APM stack (official help center), board contacts (governance page). Lower: exact employee count (~1,315); PayU/BlueCash/PayPal/crypto rails from secondary/PL sources; orchestrator field is absence-of-evidence.	No
Public	https://public.com			Fintech																														
CarMax	https://carmax.com			Marketplaces & Services																														
Carsome	https://carsome.com			Marketplaces & Services																														
Carvana	https://carvana.com			Marketplaces & Services																														
Localiza	https://localiza.com			Marketplaces & Services																														
Movida	https://movida.com.br			Marketplaces & Services																														
Turo	https://turo.com			Marketplaces & Services																														
Voi	https://voiscooters.com			Marketplaces & Services																														
Webmotors	https://webmotors.com.br			Marketplaces & Services																														
Air Canada	https://aircanada.com			Travel & Hospitality																														
Air Europa	https://aireuropa.com			Travel & Hospitality																														
Alaska Airlines	https://alaskaair.com			Travel & Hospitality																														
Allegiant Air	https://allegiantair.com			Travel & Hospitality																														
Hawaiian Airlines	https://hawaiianairlines.com			Travel & Hospitality																														
Iberia	https://iberia.com			Travel & Hospitality																														
Southwest Airlines	https://southwest.com			Travel & Hospitality																														
Spirit Airlines	https://spirit.com			Travel & Hospitality																														
WestJet	https://westjet.com			Travel & Hospitality																														
Arajet	https://arajet.com			Travel & Hospitality																														
BlaBlaCar	https://blablacar.com			Travel & Hospitality																														
Guichê Virtual (Buson)	https://guichevirtual.com.br			Travel & Hospitality																														
National Express	https://nationalexpress.com			Travel & Hospitality																														
Rail Europe	https://raileurope.com			Travel & Hospitality																														
Belmond	https://belmond.com			Travel & Hospitality																														
Best Western Hotels & Resorts	https://bestwestern.com			Travel & Hospitality																														
Blueground	https://theblueground.com			Travel & Hospitality																														
Casa Andina	https://casa-andina.com			Travel & Hospitality																														
Choice Hotels	https://choicehotels.com			Travel & Hospitality																														
Club Med	https://clubmed.com			Travel & Hospitality																														
Grupo Hotelero Santa Fe (Krystal)	https://gsf-hotels.com			Travel & Hospitality																														
Hilton	https://hilton.com			Travel & Hospitality																														
Hyatt	https://hyatt.com			Travel & Hospitality																														
IHG Hotels & Resorts	https://ihg.com			Travel & Hospitality																														
Marriott International	https://marriott.com			Travel & Hospitality																														
Playa Hotels & Resorts	https://playaresorts.com			Travel & Hospitality																														
Radisson Hotel Group	https://radissonhotels.com			Travel & Hospitality																														
Selina	https://selina.com			Travel & Hospitality																														
Sonesta Hotels	https://sonesta.com			Travel & Hospitality																														
Wyndham Hotels & Resorts	https://wyndhamhotels.com			Travel & Hospitality																														
Agoda	https://agoda.com			Travel & Hospitality																														
Booking.com	https://booking.com			Travel & Hospitality																														
Hopper	https://hopper.com			Travel & Hospitality																														
Hotwire	https://hotwire.com			Travel & Hospitality																														
Kayer (Kayak)	https://kayak.com			Travel & Hospitality																														
Priceline	https://priceline.com			Travel & Hospitality																														
Namecheap	https://namecheap.com			Software (SaaS)																														
Aura	https://aura.com			Software (SaaS)																														
CyberGhost	https://cyberghostvpn.com			Software (SaaS)																														
IPVanish	https://ipvanish.com			Software (SaaS)																														
Keeper Security	https://keepersecurity.com			Software (SaaS)																														
Malwarebytes	https://malwarebytes.com			Software (SaaS)																														
McAfee	https://mcafee.com			Software (SaaS)																														
Private Internet Access	https://privateinternetaccess.com			Software (SaaS)																														
TotalAV	https://totalav.com			Software (SaaS)																														
Anthropic	https://anthropic.com			AI																														
Bending Spoons	https://bendingspoons.com			AI																														
Cursor (Anysphere)	https://cursor.com			AI																														
DeepL	https://deepl.com			AI																														
Lightricks	https://lightricks.com			AI																														
Perplexity	https://perplexity.ai			AI																														
Crunchyroll	https://crunchyroll.com			Media & Streaming																														
Disney+	https://disneyplus.com			Media & Streaming																														
Flo Health	https://flo.health			Health & Wellness																														
JetBrains	https://jetbrains.com			Software (SaaS)																														
Miro	https://miro.com			Software (SaaS)																														
Semrush	https://semrush.com			Software (SaaS)																														
Squarespace	https://squarespace.com			Software (SaaS)																														
Nomad	https://getnomad.app			Telecom & Connectivity																														
Ubigi (Transatel)	https://ubigi.com			Telecom & Connectivity																														
GigSky	https://gigsky.com			Telecom & Connectivity																														
Truphone / 1GLOBAL	https://1global.com			Telecom & Connectivity																														
Recharge.com	https://recharge.com		Just acquired by Coda (signed 17 Jul, closed 19 Aug 2025; rebranding to Coda from Dec 2025) - the merged group is now stitching Recharge's Adyen-only EU rails together with Coda's Southeast-Asia payment networks across 180+ markets/200M users (https://www.coda.co/press/coda-acquires-recharge-global-expansion/); prime window to pitch one orchestration layer instead of re-integrating every local PSP/APM per market.	Telecom & Connectivity		Recharge.com is Europe's leading digital prepaid payments platform, selling mobile top-ups, gaming/e-gift cards, prepaid money cards and eSIMs via consumer storefronts (Recharge.com, Startselect, Giftcloud) and 16,000+ prepaid products across 150+ countries (https://company.recharge.com/ ; https://www.recharge.com/en/us).	B2C-led (consumer prepaid marketplace; the acquirer created a dedicated EVP B2C role for it) with a B2B distribution arm supplying prepaid content (https://www.coda.co/press/coda-acquires-recharge-global-expansion/).	Mid-Market standalone (~185 staff, ~EUR100M revenue) - now part of Enterprise-scale Coda group (~$1.75B combined 2024 sales) (https://getlatka.com/companies/Recharge ; https://www.coda.co/press/coda-acquires-recharge-global-expansion/).	Netherlands (HQ/origin); largest single web-traffic source is the United Kingdom (https://www.similarweb.com/website/recharge.com/).	Amsterdam, Netherlands (Amsteldijk 216) (https://company.recharge.com/).	~185 employees standalone (https://getlatka.com/companies/Recharge ; https://tracxn.com/d/companies/rechargecom); materially larger combined with Coda.	Private - owned by Coda (Coda Payments, Singapore; deal led by Apis Partners funds) (https://apis.pe/coda-completes-acquisition-of-recharge-in-deal-led-by-apis-funds/).	Targeting >EUR100M revenue 2025 after 30% YoY growth 2024; combined Coda+Recharge processed US$1.75B sales in 2024 (https://techcrunch.com/2025/01/16/prepaid-payments-platform-recharge-raises-e45m-to-go-on-ma-spree/ ; https://www.coda.co/press/coda-acquires-recharge-global-expansion/).	SimilarWeb ~971K monthly visits; top countries UK, US, India, Germany, Italy (India = APAC signal) (https://www.similarweb.com/website/recharge.com/).	Primary PSP/acquirer is Adyen - moved from cross-border US processing to Adyen local acquiring, raising auth rates and chargeback win-rate ~40%, uses Adyen RevenueAccelerate for retries/routing [Press] (https://www.adyen.com/knowledge-hub/recharge-growing-globally-with-adyen-acquiring).	In-house build - own open-source-based software layer; no third-party orchestrator publicly named (https://www.adyen.com/knowledge-hub/recharge-growing-globally-with-adyen-acquiring).	Standalone: single publicly-named processor (Adyen) with multi-region local acquiring. Post-Coda merger the group runs multiple rails (Adyen EU + Coda SE-Asia networks) (https://www.coda.co/press/coda-acquires-recharge-global-expansion/).	33+ methods: Visa, Mastercard, Amex, Diners, Discover, Maestro, JCB, UnionPay; Apple Pay, Google Pay, PayPal; iDEAL, Bancontact, Blik, Sofort, Klarna, Trustly, TWINT, Vipps, Multibanco, MBWay, Carte Bancaire, Alipay (https://www.recharge.com/en/us/payment-methods).	Recurring Trustpilot complaints: card charged but top-up not delivered, deceptive/hard refund process, no human support pushing users to chargebacks (https://www.trustpilot.com/review/www.recharge.com).	Ding/DingConnect, Reloadly, Sochitel, MobileRecharge, Dundle, ezPin; gift-card/gaming (Eneba, G2A). Most run Adyen/Stripe; none publicly promote a dedicated orchestrator.	Acquired by Coda (closed 19 Aug 2025), rebrand Dec 2025; raised EUR45M ABN AMRO facility Jan 2025 for M&A; tuck-ins Startselect & Giftcloud. New leadership: Shane Happach CEO, Fabian Spaargaren EVP B2C (https://www.coda.co/press/coda-acquires-recharge-global-expansion/).	Pain: 33+ APMs across 150+ countries on one primary PSP (Adyen) = every new market a fresh integration + single point of failure. Yuno: one API to 1,000+ methods/PSPs + smart routing (+7% approval). Best case: Rappi multi-country LATAM expansion.	Pain: charged-but-not-delivered top-ups + declines drive chargebacks. Yuno: auto retries + cascade to backup processor recover ~50% of failed transactions. Best case: McDonald's reliability at scale.	Pain: Coda merger fuses EU (Adyen) + SE-Asia rails into one multi-PSP stack to unify and reconcile. Yuno: single routing + reconciliation brain across both entities during integration. Best case: Livelo/Rappi multi-entity.	Coda acquisition closed Aug 2025, full rebrand Dec 2025 - active stack integration across EU (Adyen) + SE Asia now, plus EUR45M M&A war-chest and push into wallet/virtual cards. Ideal moment before they hard-wire more one-off PSP integrations.	16	1	Prospecting	Fabian Spaargaren, EVP B2C, Coda (ex-Recharge COO) - owns consumer prepaid/checkout - https://www.linkedin.com/in/fabianspaargaren/	Freddy Dijkman, CFO Recharge Group (ex-T-Mobile NL CFO) - https://theorg.com/org/recharge-com/org-chart/freddy-dijkman (post-merger role may have shifted).	Gunther Vogelpoel, Founder & former CEO, moving to Non-Exec Director - https://www.linkedin.com/in/g%C3%BCnther-vogelpoel-2a841a/	Lead with the merger: as you integrate Recharge's Adyen EU checkout with Coda's SE-Asia networks across 180+ markets, one Yuno orchestration layer avoids re-integrating every local PSP/APM, adds +7% approval, and recovers ~50% of the failed top-ups in your Trustpilot reviews.	High overall. Low-confidence: exact standalone revenue (target, not audited); multi-PSP (Adyen only named for standalone); Freddy Dijkman post-merger role/URL; SimilarWeb variance.	No
Ding	https://ding.com		Already orchestrates via Gr4vy + Adyen across 150+ countries, yet Trustpilot shows failed/declined cross-border top-ups - Yuno as displacement/second layer for +7% approval, 50% recovery, deeper LATAM/APAC/MENA local rails.	Telecom & Connectivity		World's #1 international mobile top-up / airtime transfer service - prepaid mobile credit to 150+ countries and 500+ operators via ding.com, app and 600,000+ retail outlets; 500M+ top-ups sent (https://en.wikipedia.org/wiki/Ding_(company)).	Cross-border prepaid recharge; D2C via ding.com/app (margin + FX) + B2B via DingConnect / DingPartner+ API (https://www.dingconnect.com/, https://gr4vy.com/posts/ding-case-study/).	Mid-Market	Ireland (HQ); largest transacting audience = United States (36.9% of web traffic) (https://www.similarweb.com/website/ding.com/).	Dublin, Ireland (Asia HQ Dubai) (https://growjo.com/company/Ding.com).	~356 employees (Apr 2026 est; 230+ in 2022) (https://growjo.com/company/Ding.com).	Private - majority owned by Pollen Street Capital since Sept 2021; founder Mark Roden minority (https://www.rte.ie/news/business/2021/0902/1244199-pollen-street-capital-to-take-majority-stake-in-ding/).	~$73.9M revenue (Growjo est, 2026); no audited figure - low confidence (https://growjo.com/company/Ding.com).	Top countries: US 36.9%, Peru 14.67%, Pakistan 4.93%, plus India, Germany (Similarweb) (https://www.similarweb.com/website/ding.com/).	Acquiring: Adyen (single acquiring partner, 22 methods across 150+ countries). Orchestration: Gr4vy [vendor case studies] (https://www.adyen.com/knowledge-hub/ding, https://gr4vy.com/posts/ding-case-study/).	YES - runs Gr4vy orchestration (adopted Jan 2023). Gr4vy is a direct Yuno competitor = displacement/augment motion, NOT greenfield (https://www.prnewswire.com/news-releases/ding-chooses-gr4vy-to-increase-payment-optionality-and-accelerate-international-expansion-301724132.html).	Yes - Gr4vy orchestrates to Adyen + regional/local PSPs per market (https://gr4vy.com/posts/ding-case-study/).	Cards, Apple Pay, Google Pay, PayPal, plus regional local methods - Pix (Brazil), PayPal (Germany), Venmo (US) (https://gr4vy.com/posts/ding-case-study/).	Trustpilot: recurring failed/declined transactions, top-ups not delivered, refusal to refund undelivered top-ups (https://www.trustpilot.com/review/www.ding.com).	Recharge.com, Reloadly, DT One/TransferTo, Sochitel, MobileRecharge. Ding itself uses Gr4vy; peers run multi-PSP stacks (https://www.similarweb.com/website/ding.com/competitors/).	New CEO Roland Bryan (2025, ex-Wowcher) after Mark O'Donoghue (2023); PLDT Global partnership Jun 2024; Western Union 2023; Bangladesh corridor push 2025 (https://ffnews.com/newsarticle/hiring/appointment-of-roland-bryan-as-ceo-of-ding/).	Pain: documented declined/failed cross-border top-ups in high-frequency low-ticket model - every decline lost revenue + churned sender. Yuno: smart routing (+7%) + 50% recovery + local-acquiring failover.	Pain: Gr4vy + single acquirer (Adyen) may lack deepest local rails in Ding's biggest receive corridors - Peru (#2), Pakistan (#3), India, Bangladesh, Philippines. Yuno: 1,000+ methods, stronger LATAM/APAC/MENA depth, as benchmark second layer or Gr4vy displacement.	Pain: send-vs-receive corridor economics (high FX/fees) + DingConnect B2B uptime depends on PSP redundancy. Yuno: local acquiring both sides + automatic PSP failover.	New CEO Roland Bryan (2025) growth mandate; corridor expansion (Bangladesh, Philippines/PLDT); payments already a strategic lever (Gr4vy) with a Head of Payments in seat.	15	1	Prospecting	Roland Bryan, CEO, https://uk.linkedin.com/in/rolandbryan	Micheal Egan, Head of Payments, https://ie.linkedin.com/in/miche%C3%A1l-egan-8a256126	Paul Duffy, CFO (LinkedIn not verified); alt Padraig Horgan, Chief Product & Technology Officer (https://company.ding.com/)	Lead with failed/declined cross-border top-ups (Trustpilot) + Yuno +7% / 50% recovery, positioned as benchmark second layer or Gr4vy displacement deepening local rails in Peru/Pakistan/India/Bangladesh. Target Micheal Egan (Head of Payments); frame for Roland Bryan as revenue-recovery + margin lever.	High on payments stack (Adyen + Gr4vy vendor-confirmed), leadership, ownership, traffic. Low: N (est), L (est), AF URL. NOTE: already has orchestrator (Gr4vy) - competitive displacement, some AEs treat Tier 2.	No
Red Pocket Mobile	https://redpocket.com			Telecom & Connectivity																														
Reloadly	https://reloadly.com		Developer-first global airtime/gift-card/payout API across 170+ countries; funds customer wallets via one unnamed card processor + wire + crypto with no public pay-in orchestrator = smart-routing + local-APM upside (https://support.reloadly.com/payment-options)	Telecom & Connectivity		B2B API platform for mobile airtime/data top-ups (800+ operators, 170+ countries), digital gift cards (150+ brands), and global prepaid Visa/Mastercard payouts/disbursements (https://www.reloadly.com/products/airtime/ , https://www.reloadly.com/disbursements)	B2B/developer infrastructure; businesses prefund a Reloadly wallet then call APIs to send top-ups, gift cards and payouts (https://www.reloadly.com/about-us/)	SMB (small seed-stage fintech ~39 employees; serves SMB-to-enterprise developers)	United States (global user base across LATAM, Africa, APAC, Europe)	Miami, Florida, USA (dual offices Miami + Barcelona) (https://app.dealroom.co/companies/reloadly)	~39 employees (Growjo, Mar 2026) (https://growjo.com/company/Reloadly)	Private (seed-stage; no ticker)	Not officially disclosed; est. ~$9.6M/yr (third-party) (https://growjo.com/company/Reloadly)	Not found (no public traffic-by-country breakdown)	Pay-IN wallet funding: credit card (processor not publicly named), wire (Wells Fargo USD / Barclays), crypto via third-party gateway (BTC/ETH/USDT/USDC, Binance Pay), Africa Mobile Money/USSD/EFT; PayPal & Zelle discontinued [help-center] (https://support.reloadly.com/payment-options)	No public evidence of a pay-in orchestrator. (Reloadly is itself a pay-OUT/disbursement engine, but wallet-funding shows no named orchestrator) (https://support.reloadly.com/payment-options)	No public evidence of multiple card pay-in processors - card funding via a single unnamed processor; crypto via separate gateway (https://support.reloadly.com/payment-options)	Verified pay-in: credit card, wire (Wells Fargo/Barclays), crypto (BTC/ETH/USDT/USDC, Binance Pay), Africa Mobile Money/USSD/EFT (Cameroon, Ghana, Kenya, Nigeria, Rwanda, South Africa, Senegal, Tanzania, Uganda) (https://support.reloadly.com/payment-options)	No verified payment complaints found; Scam-Detector 86.3 (legit) (https://www.scam-detector.com/validator/reloadly-com-review/)	Ding (PayU), DT One, Bitrefill, Tillo, Rewarble, Ezetop; no clear evidence any uses a pay-in orchestrator (https://www.cbinsights.com/compare/ding-2-vs-reloadly)	No major M&A/funding (last raise ~2019-2020 seed, ~$6.76M total); 2026 push into loyalty/rewards catalog (14,000+ products) + prepaid Visa/MC disbursements (https://growjo.com/company/Reloadly)	Pain: customers in 170+ countries prefund wallets via card+wire+crypto, so cross-border declines + missing local pay-in throttle deposits. Yuno: smart routing (+7%) + local pay-in (Pix, OXXO, UPI, SPEI). Best case: Rappi.	Pain: scaling prepaid Visa/MC payouts + gift-card disbursements fragments rails by market. Yuno: single API to 1,000+ methods orchestrates payout success cross-border. Best case: InDrive.	Pain: failed wallet top-ups quietly churn 10k+ B2B customers with no recovery layer. Yuno: 50% recovery + retries on pay-in. Best case: Livelo.	2026 expansion into loyalty/rewards + growing prepaid-card disbursements = orchestration inflection point (https://www.reloadly.com/blog/trends-in-loyalty-programs/)	7	2	Prospecting	Michel Francis, Founder & CEO, LinkedIn Not found (https://theorg.com/org/reloadly/teams/leadership-team)	Enrique Hirlemann, Chief Revenue Officer, LinkedIn Not found (https://theorg.com/org/reloadly/teams/leadership-team)	Emmanuel Gregory Piard, Co-Founder & CTO, LinkedIn Not found (https://theorg.com/org/reloadly/teams/leadership-team)	Lead CRO/CEO: Yuno as pay-in orchestration for their 170-country wallet-funding - add local APMs + smart routing so customers deposit at higher approval - complementing (not replacing) their disbursement product.	Med. Low-confidence: N (est), L (est), O (not found), P/R (pay-in processor unnamed), U/V (unverified).	No
ETravelSim	https://etravelsim.com			Telecom & Connectivity																														
Uff Móvil	https://uffmovil.com			Telecom & Connectivity																														
TEAL Communications	https://tealcom.io			Telecom & Connectivity																														
Veek	https://veek.com.br			Telecom & Connectivity																														
Diri	https://diri.mx			Telecom & Connectivity																														
Flash Mobile	https://flashmobile.com.co			Telecom & Connectivity																														
SIMPLE Mobile	https://simplemobile.com			Telecom & Connectivity																														
Coursera	https://coursera.org			Education																														
Go1	https://go1.com			Education																														
Ironhack	https://ironhack.com			Education																														
4Geeks Academy	https://4geeksacademy.com			Education																														
Aprende Institute	https://aprendeinstitute.com			Education																														
Age of Learning (ABCmouse)	https://ageoflearning.com			Education																														
Udacity	https://udacity.com			Education																														
Kultivi	https://kultivi.com			Education																														
MakeMake	https://makemake.com.co			Education																														
Wormhole	https://wormholeit.com			Education																														
Epic!	https://getepic.com			Education																														
IXL Learning	https://ixl.com			Education																														
Prodigy Education	https://prodigygame.com			Education																														
Superprof	https://superprof.com			Education																														
Bandsintown	https://bandsintown.com			Marketplaces & Services																														
Ticketon	https://ticketon.com			Marketplaces & Services																														
See Tickets	https://seetickets.us			Marketplaces & Services																														
Weezevent	https://weezevent.com			Marketplaces & Services																														
AudienceView	https://audienceview.com			Marketplaces & Services																														
Uhuu	https://uhuu.com			Marketplaces & Services																														
Rezdy	https://rezdy.com			Marketplaces & Services																														
Getaround	https://getaround.com			Marketplaces & Services																														
Free Now	https://free-now.com			Marketplaces & Services																														
Via	https://ridewithvia.com			Marketplaces & Services																														
Gett	https://gett.com			Marketplaces & Services																														
Yango	https://yango.com			Marketplaces & Services																														
Careem	https://careem.com			Marketplaces & Services																														
MoObie	https://moobie.com.br			Marketplaces & Services																														
Getmancar	https://getmancar.com			Marketplaces & Services																														
Flybondi	https://flybondi.com			Travel & Hospitality																														
TAG Airlines	https://tag.com.gt			Travel & Hospitality																														
Silver Airways	https://silverairways.com			Travel & Hospitality																														
Copa (Wingo excluded)	https://aircopa.com			Travel & Hospitality																														
Jazeera Airways	https://jazeeraairways.com			Travel & Hospitality																														
Widerøe	https://wideroe.no			Travel & Hospitality																														
Flix (FlixBus/Greyhound)	https://flixbus.com			Travel & Hospitality																														
Direct Ferries	https://directferries.com			Travel & Hospitality																														
Amtrak	https://amtrak.com			Travel & Hospitality																														
Oltursa	https://oltursa.pe			Travel & Hospitality																														
Tepsa	https://tepsa.com.pe			Travel & Hospitality																														
Nueva Chevallier	https://nuevachevallier.com			Travel & Hospitality																														
Bolivia Hop	https://boliviahop.com			Travel & Hospitality																														
L'Express des Îles	https://express-des-iles.com			Travel & Hospitality																														
Vacasa	https://vacasa.com			Travel & Hospitality																														
Sonder	https://sonder.com			Travel & Hospitality																														
Ayenda	https://ayenda.com			Travel & Hospitality																														
Grupo Habita	https://grupohabita.com			Travel & Hospitality																														
Hoteles Misión	https://hotelesmision.com.mx			Travel & Hospitality																														
Catalonia Hotels & Resorts	https://cataloniahotels.com			Travel & Hospitality																														
Eurostars (Hotusa)	https://eurostarshotels.com			Travel & Hospitality																														
Sercotel Hoteles	https://sercotelhoteles.com			Travel & Hospitality																														
Ascott (Citadines/lyf)	https://discoverasr.com			Travel & Hospitality																														
Pitchup	https://pitchup.com			Travel & Hospitality																														
Indie Campers	https://indiecampers.com			Travel & Hospitality																														
Atrápalo	https://atrapalo.com			Travel & Hospitality																														
Headout	https://headout.com			Travel & Hospitality																														
Viajala	https://viajala.com.co			Travel & Hospitality																														
Argo Solutions	https://useargo.com			Travel & Hospitality																														
Dollar Flight Club	https://dollarflightclub.com			Travel & Hospitality																														
HX (Hurtigruten Expeditions)	https://travelhx.com			Travel & Hospitality																														
IONOS	https://ionos.com			Software (SaaS)																														
Kinsta	https://kinsta.com			Software (SaaS)																														
WP Engine	https://wpengine.com			Software (SaaS)																														
SiteGround	https://siteground.com			Software (SaaS)																														
Fastly	https://fastly.com			Software (SaaS)																														
Dynadot	https://dynadot.com			Software (SaaS)																														
Gcore	https://gcore.com			Software (SaaS)																														
Bitdefender	https://bitdefender.com			Software (SaaS)																														
F-Secure	https://f-secure.com			Software (SaaS)																														
LastPass	https://lastpass.com			Software (SaaS)																														
Webroot	https://webroot.com			Software (SaaS)																														
Tresorit	https://tresorit.com			Software (SaaS)																														
Windsurf	https://windsurf.com			AI																														
Krisp	https://krisp.ai			AI																														
Storytel	https://storytel.com			Media & Streaming																														
Everand / Scribd	https://everand.com			Media & Streaming																														
Webtoon (Naver)	https://webtoons.com			Media & Streaming																														
Fanatiz	https://fanatiz.com			Media & Streaming																														
Garena	https://garena.com			Media & Streaming																														
GitLab	https://gitlab.com			Software (SaaS)																														
Intercom	https://intercom.com			Software (SaaS)																														
Pipedrive	https://pipedrive.com			Software (SaaS)																														
Atlassian	https://atlassian.com			Software (SaaS)																														
DocuSign	https://docusign.com			Software (SaaS)																														
Shopify	https://shopify.com			Software (SaaS)																														
Mailchimp (Intuit)	https://mailchimp.com			Software (SaaS)																														
Sprout Social	https://sproutsocial.com			Software (SaaS)																														
Tiendanube (Nuvemshop)	https://tiendanube.com			Software (SaaS)																														
Omie	https://omie.com.br			Software (SaaS)																														
Boost Mobile	https://boostmobile.com			Telecom & Connectivity																														
Claro (América Móvil)	https://claro.com			Telecom & Connectivity																														
DT One	https://dtone.com		New CRO (Nov 2025) + fast pivot into consumer rails: Tunz eSIM now DTC inside Grab Indonesia (Jan 2026) and stablecoin (USDC/USDT) top-ups via Bitget Wallet across 170+ countries (Mar 2026). Net-new acceptance surfaces across APAC/MENA/LATAM where Yuno (local APMs + stablecoins + card in one API, +7% approval, 50% recovery) lifts activation.	Telecom & Connectivity		Global B2B digital value / micropayments network: single API distributing airtime top-ups, data bundles, gift cards, gaming pins, prepaid utilities/bill-pay and (via 2025 DENT/Tunz acquisition) eSIM, reaching 5B+ consumers via 550-875+ operators / 1,000+ partners across 160-190 countries (https://www.dtone.com/company/about-us).	B2B API network/marketplace. Enterprise customers (creator platforms, super apps, MTOs, e-wallets, operators) integrate DT One's API to distribute/reward users with prepaid digital value; margin per transaction (https://developers.dtone.com/reference/overview).	Mid-Market (borderline Enterprise) - serves AT&T, Vodafone, Grab, PayPal, MoneyGram, Western Union (https://www.linkedin.com/company/dtonesolution).	Singapore (HQ); operations global across 160+ emerging markets (APAC, Africa, MENA, LATAM).	Singapore - 1 Raffles Place, Tower 2. Offices Barcelona, Dubai, Miami, London (https://www.dtone.com/company/about-us).	201-500 (LinkedIn); about-us says 90+, other trackers ~270 - conflicting (https://www.linkedin.com/company/dtonesolution).	Private. Part of TransferTo group; PE/VC-backed (Apis Growth Fund II, STC Ventures, Ingenico Ventures) (https://apis.pe/companies/dt-one/).	Not found - no audited figure; estimates conflict widely (GetLatka ~$6.8M ARR low-confidence; others $25-100M) (https://getlatka.com/companies/dtone.com).	Not meaningful - B2B corporate site, no consumer checkout; no public traffic-by-country. No public evidence found.	No public evidence of a card-acquiring PSP for own collections. B2B prefunded-wallet / single-currency settlement [DVS API docs]. New: accepts stablecoins USDC/USDT via Bitget Wallet (not a DT One card PSP) (https://developers.dtone.com/reference/overview).	No public evidence DT One uses a third-party orchestrator. Note: DT One is itself an orchestration/distribution layer for digital value/APMs. No public evidence found.	No - no public evidence of multiple external card processors for own collections; operates its own multi-operator settlement network (https://developers.dtone.com/reference/overview).	DISTRIBUTES APMs (airtime, data, mobile money, gift cards, gaming pins, prepaid utilities/bill-pay, eSIM). ACCEPTS stablecoins USDC/USDT (multi-chain) via Bitget Wallet. Own-store card/local-APM acceptance: not verified (https://www.globenewswire.com/news-release/2026/03/04/3249309/0/en/Bitget-Wallet-Integrates-DT-One-for-Mobile-Top-Ups-Across-170-Countries.html).	Not found - B2B company, no consumer Trustpilot/BBB footprint. No public evidence found.	Ding/DingConnect, Reloadly, Bitrefill, Sochitel, CM.com; Thunes (same former parent). No confirmed orchestrator among them (https://www.cbinsights.com/company/ding-2/alternatives-competitors).	New CEO Claudio Di Zanni (Apr 2024); Ecobank partnership (Nov 2024); ISO 27001 recert (Aug 2025); acquired DENT -> Tunz eSIM (Sep 2025); new CRO Matthieu Fournier (Nov 2025); Tunz eSIM DTC in Grab Indonesia (Jan 2026); Bitget stablecoin top-ups (Mar 2026) (https://www.dtone.com/company/news-events).	Pain: receives prefunds/settlements from 1,000+ partners across 160+ emerging markets; new consumer surfaces must accept fragmented local rails - funding declines, FX friction, slow activation. Yuno: single API to local APMs + multi-PSP smart routing (+7%, 50% recovery). Best case: faster onboarding + higher approval on emerging-market funding.	Stablecoin timing: went live Mar 2026 accepting USDC/USDT via Bitget. Yuno orchestrates stablecoins alongside cards/APMs in one API - unify DT One's new crypto rail with fiat/local prefunding without building each integration.	New consumer checkout via eSIM (DENT/Tunz DTC in Grab Indonesia) - card decline rates, local method coverage and fraud in emerging markets hit conversion. Exactly Yuno's orchestration remit.	Leadership + GTM reset (new CEO Apr 2024, new CRO Nov 2025) + three payment-touching launches in 6 months (Tunz eSIM DTC Jan 2026, Bitget stablecoin Mar 2026) = open window while the stack for new surfaces is still being defined.	11	2	Prospecting	Matthieu Fournier - CRO (joined Nov 2025); best entry to frame payments as a conversion lever (https://www.dtone.com/company/news-events).	Claudio Di Zanni - CEO (Apr 2024) (https://www.dtone.com/company/news-events).	Not found - no Head of Payments/CFO identified publicly; recommend LinkedIn search DT One (Singapore/Barcelona).	Lead with the two new consumer rails (Tunz eSIM DTC in Grab + stablecoin top-ups via Bitget), not 'you lack an orchestrator' - position Yuno as the acceptance/collection layer for NEW checkout surfaces + partner prefunding: one API for local APMs + card + stablecoins, +7% approval, 50% recovery. Target CRO Matthieu Fournier.	Medium. High: what they do, HQ, model, leadership, DENT/Tunz, Bitget, competitors, expansion. Low/Not found: revenue, exact headcount, own PSP/acquiring stack (inferred B2B), traffic, complaints, contacts.	No
Entel	https://entel.cl			Telecom & Connectivity																														
Millicom (Tigo)	https://millicom.com			Telecom & Connectivity																														
Movistar (Telefónica)	https://telefonica.com			Telecom & Connectivity																														
TIM Brasil	https://tim.com.br			Telecom & Connectivity																														
Localphone	https://localphone.com			Telecom & Connectivity																														
Prepay Nation	https://prepaynation.com			Telecom & Connectivity																														
Sochitel	https://sochitel.com			Telecom & Connectivity																														
Emnify	https://emnify.com			Telecom & Connectivity																														
Eseye	https://eseye.com			Telecom & Connectivity																														
Soracom	https://soracom.io			Telecom & Connectivity																														
Wireless Logic	https://wirelesslogic.com			Telecom & Connectivity																														
eSIM Go	https://esimgo.com			Telecom & Connectivity																														
Flexiroam	https://flexiroam.com			Telecom & Connectivity																														
Keepgo	https://keepgo.com			Telecom & Connectivity																														
Numero eSIM	https://numeroesim.com			Telecom & Connectivity																														
Onomondo	https://onomondo.com			Telecom & Connectivity																														
Telna	https://telna.com			Telecom & Connectivity																														
Codecademy	https://codecademy.com			Education																														
Eduzz	https://eduzz.com			Education																														
GoStudent	https://gostudent.org			Education																														
Rosetta Stone	https://rosettastone.com			Education																														
Voxy	https://voxy.com			Education																														
Yousician	https://yousician.com			Education																														
Fandango	https://fandango.com			Marketplaces & Services																														
Musement	https://musement.com			Marketplaces & Services																														
Ticketek (TEG)	https://ticketek.com.au			Marketplaces & Services																														
Atom Tickets	https://atomtickets.com			Marketplaces & Services																														
Tixr	https://tixr.com			Marketplaces & Services																														
TodayTix	https://todaytix.com			Marketplaces & Services																														
Vivenu	https://vivenu.com			Marketplaces & Services																														
Indiegogo	https://indiegogo.com			Marketplaces & Services																														
StartEngine	https://startengine.com			Marketplaces & Services																														
Wefunder	https://wefunder.com			Marketplaces & Services																														
Bonfire	https://bonfire.com			Marketplaces & Services																														
Catarse	https://catarse.me			Marketplaces & Services																														
Fundly	https://fundly.com			Marketplaces & Services																														
FundRazr	https://fundrazr.com			Marketplaces & Services																														
Kickante	https://kickante.com.br			Marketplaces & Services																														
Ko-fi	https://ko-fi.com			Marketplaces & Services																														
Mightycause	https://mightycause.com			Marketplaces & Services																														
Tiltify	https://tiltify.com			Marketplaces & Services																														
Vaki	https://vaki.co			Marketplaces & Services																														
Vakinha	https://vakinha.com.br			Marketplaces & Services																														
Zeffy	https://zeffy.com			Marketplaces & Services																														
Bit2Me	https://bit2me.com		Tether-backed EUR30M/$34M round (Aug 2025, led by Tether Ventures + Cecabank, Telefonica, Unicaja, Investcorp, BBVA Spark) is funding aggressive EU + LATAM expansion; they add local fiat rails country-by-country (PIX, SPEI, CVU, UPI, GCash) with NO orchestration layer, ideal timing for Yuno to unify pay-in/pay-out and lift approval across new markets (https://tether.io/news/tether-acquires-minority-stake-in-bit2me-and-leads-e30-million-funding-round/).	Crypto & Web3		Spanish crypto exchange/wallet + crypto Mastercard, staking/earn, OTC, Bit2Me Pay (P2P), Commerce (merchant crypto acceptance) and B2B banking/white-label crypto infra; first Spanish-speaking exchange authorized under MiCA (CNMV CASP) (https://bit2me.com/about).	B2C + B2B: trading fees/spreads on crypto buy/sell, deposit fees (~1.99% on EUR), card interchange, staking/earn yield, OTC desk, merchant crypto payments (Commerce), B2B banking-solutions/white-label infra, and native B2M token.	Mid-Market	Spain	Spain, registered office Calle German Bernacer 65, Elche (Elx), Comunidad Valenciana; ops also in Madrid (https://leadiq.com/c/bit2me/5a1dad8c2300005a00a372fa).	~199-200 employees (https://www.zoominfo.com/c/bitcoinforme-sl/453641719).	Private	Revenue ~$24.97M (2024, Tracxn est.); 2025 not disclosed (https://tracxn.com/d/companies/bit2me/).	~93.6K visits/mo (280.8K last 3 mo). Top countries: Spain 35.93%, Portugal 9.27%, Paraguay 4.28%, Brazil 2.7%, Colombia 2.14% (https://www.similarweb.com/website/bit2me.com/).	No third-party PSP publicly named for fiat card deposits, processes card, Google Pay, Apple Pay, PayPal, bank transfer/SEPA directly. Card & payment account ISSUED by Pecunia Cards EDE (Pecunpay), a Bank-of-Spain EMI. Local rails: PIX (BR), CVU (AR), SPEI (MX), iDeal, PayID (AU), UPI (IN), QRIS/DANA/OVO (ID), GCash (PH) [SELF/EMI, no external orchestrator] (https://support.bit2me.com/en/support/solutions/articles/35000093800-how-to-deposit-euro-).	No public evidence of a payment orchestrator, local methods are added market-by-market (support.bit2me.com deposit docs list rails added piecemeal per region).	Likely Yes, multiple local rails (PIX/SPEI/CVU/UPI/GCash + cards + SEPA) plus Pecunpay EMI imply several underlying providers/aggregators, but none publicly named.	Cards (Mastercard issuance via Pecunpay), SEPA bank transfer, Bizum (Spain), Google Pay, Apple Pay, PayPal, Tikebit, PIX (BR), CVU (AR), SPEI (MX), iDeal, PayID (AU), UPI (IN), QRIS/DANA/OVO (ID), GCash (PH) (https://support.bit2me.com/en/support/solutions/articles/35000093800-how-to-deposit-euro-).	Trustpilot complaints: withdrawals held >72h / stuck 5+ days, withdrawal button disappearing on a EUR10k balance, blocked withdrawals citing vague 'non-compliance', referral-bonus funds blocked, bot-only support unresponsive (https://www.trustpilot.com/review/www.bit2me.com).	Competitors: Bitpanda, Bitvavo, Kraken, Binance, Coinbase (EU); Bitso, Ripio, Lemon, Belo (LATAM). Which peers use orchestration is not publicly verified, Not found.	Aug 2025 EUR30M/$34M round led by Tether Ventures + Cecabank, Telefonica, Unicaja, Investcorp, BBVA Spark (~$88M total raised); first Spanish-speaking MiCA/CNMV CASP authorization; expansion into EU + LATAM (esp. Argentina remittances/stablecoins); Mastercard Crypto Credential global partner; RevoluGROUP payments partnership (Apr 2024) (https://tether.io/news/tether-acquires-minority-stake-in-bit2me-and-leads-e30-million-funding-round/).	Pain: adds local APMs one integration at a time per new EU/LATAM market (PIX, SPEI, CVU, UPI, GCash) with no orchestration. Value: Yuno's single API to 1,000+ methods across 200+ countries collapses new-market integration to config. Best case: turn on local acceptance in weeks, not quarters.	Pain: crypto card top-ups suffer structurally high declines (crypto MCC risk) on a single card path. Value: Yuno smart routing (+7% approval) with acquirer failover recovers declined deposits.	Pain: withdrawal/off-ramp friction and reliance on a single EMI (Pecunpay) drives stuck-payment complaints. Value: Yuno unifies pay-in + payout orchestration with provider redundancy and 50% recovery on failed flows.	Live catalyst: Aug 2025 Tether round + MiCA passport = active EU+LATAM market rollout (Argentina stablecoin/remittances). Payments-infra decisions being made NOW.	13	2	Prospecting	Rocio Jimenez, Director Business Development & Partnerships (Payments), Bit2Me (https://www.cbinsights.com/company/bit2me/people)	Pablo Casadio, CFO, Bit2Me (https://www.cbinsights.com/company/bit2me/people)	Leif Ferreira, CEO & Co-founder, Bit2Me (https://www.linkedin.com/in/leifferreira/)	Lead with the Tether-backed EU+LATAM expansion to Rocio Jimenez (Payments) / CFO: 'You are launching market-by-market and wiring local rails (PIX/SPEI/CVU/UPI/GCash) one at a time, Yuno is one API to 1,000+ methods across 200+ countries so new-market acceptance ships in weeks, +7% approval on card top-ups, and payout redundancy to cut stuck-withdrawal complaints.'	Medium-High. Low-confidence: N (Tracxn est), L (~200, ranges 51-200), O (est), K (Elche vs Madrid), S-Bizum (verify live), R/P (underlying local-rail providers not disclosed).	No
Foxbit	https://foxbit.com.br			Crypto & Web3																														
Wirex	https://wirex.com			Crypto & Web3																														
Belo	https://belo.app			Crypto & Web3																														
Buda.com	https://buda.com			Crypto & Web3																														
CryptoMarket	https://cryptomkt.com			Crypto & Web3																														
Lemon Cash	https://lemon.me		Fresh $20M Series B closed Oct 8 2025 (F-Prime + ParaFi) earmarked to launch Colombia, Mexico, Brazil & Chile + goal of 10M users in 12mo, each new market = net-new local fiat on-ramp/deposit-rail integration = Yuno orchestration wedge; already ~5M users & $9.3B 2025 processed volume, cards issued via Pomelo but no acceptance-side orchestrator (https://lemon.me/en/blog/serie-b-20-m).	Crypto & Web3		Argentine crypto wallet / neobank: buy-sell-hold crypto, fiat on/off-ramp, peso & USD accounts, and an international Visa debit card + Bitcoin-backed Visa credit card with 2% BTC cashback (https://bitcoinmagazine.com/business/argentinian-lemon-cash-bitcoin-cashback-visa-card).	Consumer crypto brokerage/exchange (buy/sell spread + FX) + card interchange on Visa spend; freemium wallet, revenue from trading spread, card and stablecoin/on-off-ramp flows.	Mid-Market	Argentina	Buenos Aires, Argentina (https://www.crunchbase.com/organization/lemon-cash).	Not consistently reported; sources range ~140 to ~336 (Tracxn/Crunchbase), low confidence.	Private	~5M registered users, 1.1M monthly active; $9.3B projected 2025 processed volume (+57% YoY); $160M assets under custody; revenue not disclosed (https://www.forbesargentina.com/money/lemon-levanta-us-20-millones-supera-binance-usuarios-cripto-activos-argentina-n79514).	lemon.me traffic top countries Argentina (~39%), Peru, France; ~196K monthly visits; app-first so web understates scale (https://sv.semrush.com/website/lemon.me/overview).	Card issuing via Pomelo (Visa BIN sponsor / issuer-processor) [named] (https://marcelvanoostfintechlatam.substack.com/p/lemon-launches-the-visa-lemon-card). Fiat on-ramp in Argentina via CVU / immediate bank-transfer over COELSA [confirmed] (https://help.lemon.me/es/articles/5007969-como-deposito-pesos-argentinos-en-mi-cuenta-de-lemon). No card-acquiring/top-up processor named publicly.	No public evidence of an acceptance-side payment orchestrator; card program runs on Pomelo (issuer-processor, not an acceptance orchestrator).	Likely Yes across the business but no orchestration layer: Pomelo for card issuing (AR + Peru, 150K+ cards) plus per-market local bank-transfer/CVU rails for on-ramp; each new market adds another local rail.	Bank transfer / CVU immediate transfers (deposit & withdraw, Argentina), Visa debit + Bitcoin-backed Visa credit card, crypto/stablecoins (BTC, ETH, USDT, USDC, DAI, SOL, ADA, DOT), peso & USD accounts (https://help.lemon.me/es/articles/5007969-como-deposito-pesos-argentinos-en-mi-cuenta-de-lemon).	Repeated complaints: account blocks/freezes with users unable to withdraw, deposit/withdrawal delays, email-only support with >1 week response, and telegram 'mission' scams; support often blames COELSA/destination banks (https://tuquejasuma.com/lemon-cash).	Direct: Belo, Buenbit, Ripio, Fiwind, Prex (AR crypto/neobanks); plus Bitso and Binance (Lemon ~29% AR share vs Binance 27%, Sept 2025). No public evidence competitors use an orchestrator, Not found.	Series B $20M closed Oct 8 2025 led by F-Prime + ParaFi (also DRW VC, Endeavor Catalyst, VanEck, Persea); $66M total raised since 2019; launched 150K+ Visa cards in Peru in <1yr; added BTC to treasury (Apr 2025); expansion to Colombia, Mexico, Brazil, Chile (https://lemon.me/en/blog/serie-b-20-m).	PAIN: multi-market fiat on-ramp fragmentation, to fund wallets in each new market (Colombia PSE, Mexico SPEI/OXXO, Brazil PIX, Peru Yape/PagoEfectivo, Chile) Lemon must build a separate local deposit-rail integration. VALUE: Yuno's single API to 1,000+ methods collapses those into one integration and smart routing lifts approval +7%. BEST CASE: faster launches and higher first-deposit conversion.	PAIN: card-funded top-ups / crypto buys that get declined are lost deposits and onboarding churn. VALUE: Yuno smart routing + retries recovers up to ~50% of failed transactions at the highest-intent moment.	PAIN: at $9.3B 2025 processed volume growing 57% YoY, single-provider-per-market means no acquirer failover. VALUE: Yuno adds redundancy/failover across local acquirers plus a +7% approval uplift across all six LATAM markets from one control plane.	Strong/immediate, $20M Series B closed Oct 8 2025 explicitly earmarked to launch Colombia, Mexico, Brazil & Chile and hit 10M users in 12 months; they are standing up new-market payment rails right now (https://lemon.me/en/blog/serie-b-20-m).	12	2	Prospecting	Marcelo Cavazzoli, Founder & CEO (https://ar.linkedin.com/in/marcelocavazzoli)	Federico Biskupovich, COO (payments/ops owner) (https://theorg.com/org/lemon-me)	Maximiliano Raimondi, CFO; also Lucas de la Torre, Head of Product Management (https://theorg.com/org/lemon-me)	Lead with the LATAM expansion on-ramp: 'As you deploy the Series B into Colombia, Mexico, Brazil and Chile, each new market is another local deposit-rail integration (PIX, PSE, SPEI, Yape) before users can fund a wallet. Yuno gives you one API to every local method + smart routing so you launch faster and convert more first-time deposits.' Target COO/CFO/Head of Product; avoid pitching card issuing (already on Pomelo), position Yuno as the acceptance/on-ramp layer.	HIGH on funding, users, volume, leadership, card issuer (Pomelo), Argentine CVU on-ramp, expansion markets, complaints. LOW: exact employee count (140-336), valuation, acceptance-side processor stack per market.	No
Ripio	https://ripio.com		Ripio is pivoting to a B2B on/off-ramp infrastructure provider (Ramps API) for banks, fintechs and Mercado Libre while running its own consumer exchange across 7+ LATAM/EU/US markets. Each country is wired to local rails one-by-one (CVU, SPEI, PSE, R2P, Mercado Pago) with no broad card on-ramp = deposit-conversion leakage + slow expansion. Yuno = single API to add card acquiring + local APMs across 200+ countries and power the rails behind their B2B ramps clients. https://cointelegraph.com/news/argentine-exchange-ripio-peso-stablecoins	Crypto & Web3		LATAM crypto exchange + digital wallet with fiat on/off ramp, OTC desk, Visa prepaid crypto card, local fiat-backed stablecoins, and a B2B Ramps API; 8M+ users (https://en.wikipedia.org/wiki/Ripio + https://docs.ripio.com/ramps-api/overview/introduction).	Revenue from trading fees/spreads (retail exchange + OTC), wallet services, prepaid-card interchange, B2B ramps/infrastructure fees, and stablecoin issuance (wARS/wBRL/wMXN/UXD).	Enterprise	Argentina	Buenos Aires, Argentina (legal domicile registered in Grand Cayman) (https://en.wikipedia.org/wiki/Ripio).	280+ professionals across Argentina, Brazil, Mexico, Uruguay, Colombia, Spain, US (low confidence) (https://leadiq.com/c/ripio/5a2ee399550000570112638e).	Private	Annual revenue ~$75M as of May 2025 (single-source, low confidence); trading volume Not found (https://leadiq.com/c/ripio/5a2ee399550000570112638e).	Top traffic countries (app.ripio.com, Similarweb): Argentina ~57.6%, Brazil ~34.4%, Germany ~2.4%, Uruguay ~1.7%, Colombia ~1.4% (https://www.similarweb.com/website/app.ripio.com/).	On-ramp = bank transfer per country (CVU/CBU in AR, CLABE/SPEI in MX, PSE/BRE-B in CO) + Mercado Pago in AR (3% fee) + Request-to-Pay via Bancolombia/Nequi in CO; Visa issues its prepaid card. No third-party card-acquiring PSP publicly named [docs] (https://docs.ripio.com/ramps-api/overview/countries/overview).	No third-party payment orchestrator. Ripio built its OWN on/off-ramp product (Ramps API) but that is its merchant offering, not orchestration of its own acquiring (https://docs.ripio.com/ramps-api/overview/introduction).	Yes, multiple processors/rails: Mercado Pago + direct local bank rails per country (SPEI, PSE, CVU/CBU) + Request-to-Pay (Bancolombia/Nequi) + Visa (card issuing) (https://docs.ripio.com/ramps-api/overview/countries/overview).	Mercado Pago; bank transfer (CVU/CBU AR, CLABE/SPEI MX, PSE/BRE-B CO); Request-to-Pay (Bancolombia, Nequi); Visa prepaid card; crypto + local stablecoins. Brazil PIX likely but not confirmed in docs (Not found).	Trustpilot 4-star (~1,823 reviews) with recurring complaints on low deposit/withdrawal limits + heavy KYC/verification burden; Traders Union flags higher-than-average risk (https://www.trustpilot.com/review/ripio.com + https://tradersunion.com/brokers/crypto/view/ripio/).	Competitors: Bitso, Lemon, Belo, Buenbit, Binance, Mercado Pago/Mercado Coin, Foxbit (BR). Orchestration users among them: Not confirmed.	24mo: Launched local fiat stablecoins wARS (Dec 2025), wBRL, wMXN + tokenized sovereign bond AL30; USDC pairs live on Base/WorldChain; deep World App integration; B2B infrastructure pivot (clients incl. Mercado Libre). No NEW funding round found (last: $50M Series B, DCG, 2021); acquired BitcoinTrade (Brazil #2 exchange) in 2021 (https://cointelegraph.com/news/argentine-exchange-ripio-peso-stablecoins).	Pain: no broad card on-ramp (funding relies on bank transfer + Mercado Pago at 3%), causing first-deposit abandonment. Value: Yuno adds card acquiring + smart routing (+7% approval) across all markets from one API. Best case: higher first-deposit conversion.	Pain: every new country = a bespoke local-rail + bank integration (CVU, SPEI, PSE, R2P, PIX) engineered one-by-one. Value: Yuno's single API delivers instant multi-country APM coverage and can power the rails behind Ripio's own B2B Ramps clients. Best case: launch new markets without per-country integration engineering.	Pain: off-ramp payouts fragmented across CBU/CLABE/PSE with failed-payout friction. Value: Yuno payout orchestration + 50% failed-payment recovery + cross-processor reconciliation. Best case: fewer failed withdrawals, faster settlement.	Now: Ripio is actively building multi-country rails for its B2B ramps + local-stablecoin expansion (wARS Dec 2025, USDC/Uniswap liquidity, World App, targeting $100M AUM in 2026), the ideal window to embed Yuno before they hardwire more per-country integrations (https://cointelegraph.com/news/argentine-exchange-ripio-peso-stablecoins).	16	1	Prospecting	Sebastian Serrano, Co-Founder & CEO (https://theorg.com/org/ripio/org-chart/sebastian-serrano)	Leandro Gattoni, Chief Financial Officer (https://theorg.com/org/ripio/org-chart)	Bernardo Teixeira, Group COO (also Enrique Yuste, VP Corporate Development, for the B2B/partnerships angle) (https://theorg.com/org/ripio/org-chart)	Lead with the B2B ramps play: 'You are becoming the on/off-ramp infrastructure for LATAM banks and Mercado Libre, Yuno gives you instant card + local-APM coverage across 200+ countries behind one API, so you add rails and new markets without building each bank/PSP integration, plus card acquiring on deposits you don't monetize today.' For CFO/CEO frame around cost, +7% approval, and expansion speed.	Medium-High. Low-confidence: N (revenue ~$75M single-source), L (280+ search-sourced), S/P (Brazil PIX not confirmed in docs), N (current volumes Not found), V (no recent funding confirmed).	No
TruBit	https://trubit.com			Crypto & Web3																														
CMC Markets	https://cmcmarkets.com			Fintech																														
Flink	https://flink.com.mx			Fintech																														
Hapi	https://hapi.trade			Fintech																														
M1 Finance	https://m1.com			Fintech																														
Tickmill	https://tickmill.com			Fintech																														
Trii	https://trii.co			Fintech																														
Vested Finance	https://vestedfinance.com			Fintech																														
Zipcar	https://zipcar.com			Marketplaces & Services																														
Kovi	https://kovi.com.br			Marketplaces & Services																														
Porter Airlines	https://flyporter.com			Travel & Hospitality																														
Sun Country Airlines	https://suncountry.com			Travel & Hospitality																														
Baleària	https://balearia.com			Travel & Hospitality																														
Distribusion	https://distribusion.com			Travel & Hospitality																														
Megabus	https://megabus.com			Travel & Hospitality																														
Rome2Rio	https://rome2rio.com			Travel & Hospitality																														
Easybook	https://easybook.com			Travel & Hospitality																														
Ferryhopper	https://ferryhopper.com			Travel & Hospitality																														
Kupos	https://kupos.cl			Travel & Hospitality																														
Vexere	https://vexere.com			Travel & Hospitality																														
Wanderu	https://wanderu.com			Travel & Hospitality																														
Wemobi	https://wemobi.com.br			Travel & Hospitality																														
Logitravel	https://logitravel.com			Travel & Hospitality																														
DreamHost	https://dreamhost.com			Software (SaaS)																														
Hetzner	https://hetzner.com			Software (SaaS)																														
InMotion Hosting	https://inmotionhosting.com			Software (SaaS)																														
Liquid Web	https://liquidweb.com			Software (SaaS)																														
A2 Hosting	https://a2hosting.com			Software (SaaS)																														
Gandi	https://gandi.net			Software (SaaS)																														
KingHost	https://kinghost.com.br			Software (SaaS)																														
Name.com	https://name.com			Software (SaaS)																														
Porkbun	https://porkbun.com			Software (SaaS)																														
Render	https://render.com			Software (SaaS)																														
Kaspersky	https://kaspersky.com			Software (SaaS)																														
Panda Security	https://pandasecurity.com			Software (SaaS)																														
Trend Micro	https://trendmicro.com			Software (SaaS)																														
G DATA	https://gdata.de			Software (SaaS)																														
Hotspot Shield	https://hotspotshield.com			Software (SaaS)																														
Mullvad	https://mullvad.net			Software (SaaS)																														
PSafe	https://psafe.com			Software (SaaS)																														
PureVPN	https://purevpn.com			Software (SaaS)																														
RoboForm	https://roboform.com			Software (SaaS)																														
Windscribe	https://windscribe.com			Software (SaaS)																														
Mistral AI	https://mistral.ai			AI																														
Chai Research	https://chai-research.com			AI																														
Lovable	https://lovable.dev			AI																														
Replika (Luka)	https://replika.com			AI																														
Looke	https://looke.com.br			Media & Streaming																														
Ahrefs	https://ahrefs.com			Software (SaaS)																														
Framer	https://framer.com			Software (SaaS)																														
Typeform	https://typeform.com			Software (SaaS)																														
Starbucks	https://www.starbucks.com		Global multi-market retailer running SILOED acquirers by region (JPMorgan Chase US, Adyen EU in-store, Alipay/WeChat China) with no independent cross-region orchestration/routing layer; massive card-acquiring reload flow (~$1.9B stored-value float). Hook: unify routing, failover and local-APM coverage across markets above the incumbent PSPs (https://www.adyen.com/press-and-media/starbucks-taps-adyen-to-power-in-store-payments).	Food Delivery & Q-commerce		World's largest coffeehouse chain; ~40,000 company-operated + licensed stores globally, plus CPG and a huge closed-loop Starbucks Card/app stored-value & Rewards ecosystem (https://about.starbucks.com/press/2024/starbucks-reports-preliminary-q4-and-full-fiscal-year-2024-results/).	Retail (company-operated + licensed) + CPG/licensing, layered with a stored-value/loyalty float model (~$1.87B customer deposits held on cards/app, billions in annual card-funded reloads).	Enterprise	US (largest), plus China, Japan, Canada, UK/EMEA, APAC and LATAM (licensed via Alsea); 80+ markets.	Seattle, Washington, USA.	~361,000 employees (FY2024).	Public (NASDAQ: SBUX)	$36.2B consolidated net revenue FY2024 (https://investor.starbucks.com/news/financial-releases/news-details/2024/Starbucks-Reports-Q4-and-Full-Fiscal-Year-2024-Results/default.aspx).	Top traffic country US, then Canada and UK (SimilarWeb approx) (https://www.similarweb.com/website/starbucks.com/).	Multi-acquirer by region: JPMorgan Chase for US retail card since 2015; Adyen for EU in-store (943 stores UK/AT/CH, live Aug 2025); Alipay/WeChat in China. Stored-value reload billed to card/PayPal/Venmo (auto-reload). [confirmed press; US app/reload processor inferred as Chase] (https://www.adyen.com/press-and-media/starbucks-taps-adyen-to-power-in-store-payments).	No independent third-party orchestrator confirmed; in-house payments + direct tier-1 PSPs. Adyen provides a unified platform w/ Store-and-Forward failover in EU stores only (single-PSP, not cross-region).	Yes, JPMorgan Chase (US), Adyen (EU in-store), Alipay/WeChat (China) run region-by-region.	Cards (Visa/MC/Amex), Apple Pay, Google Pay, PayPal, Venmo (in-app + Starbucks Card funding/auto-reload), closed-loop Starbucks Card stored value, Alipay/WeChat Pay in China.	Jan 2024 WA Consumer Protection alleged the app 'rigs' reload increments to trap ~$900M in unspent balances; recurring reload glitches (charged but not credited) and account-takeover draining auto-reload (https://fortune.com/2024/01/03/starbucks-app-dark-side-unspent-payments-900-million-5-years/).	Competitors: McDonald's, Dunkin', Costa, Tim Hortons, Luckin (China). Orchestration/unified-platform: McDonald's (Adyen), Alsea (Starbucks LATAM licensee) on Adyen.	Sold 60% of China business to Boyu Capital $4B (Nov 2025, JV finalized Feb 2026); new CEO Brian Niccol (Sep 2024), new CFO Cathy Smith (Mar 2025), new EVP & CTO Anand Varadarajan from Amazon (starts Jan 2026); Adyen EU rollout (2025-26).	Pain: cross-region acquiring silos (Chase US / Adyen EU / Alipay-WeChat China) with no unified routing or failover; Adyen Store-and-Forward already saved 45,000+ EU transactions. Value: Yuno routes/cascades across processors (+7% approval) so a decline/outage on one rail retries on another. Best case: recover failed in-store + reload transactions globally, not only in 3 EU markets.	Pain: stored-value reload/auto-reload is a card-acquiring flow at enormous scale (~$1.87B float) where declined auto-reload = lost float + churn. Value: Yuno smart routing + 50% recovery on soft declines recaptures failed reloads.	Pain: licensed/JV geographies (LATAM via Alsea, SE Asia, India) lack deep local-APM coverage. Value: Yuno's 1,000+ methods add Pix, OXXO, UPI, local wallets without new integrations. Best case: standardize a local-APM layer for licensed & China JV markets.	Catalyst: new EVP & CTO Anand Varadarajan (Amazon) starting Jan 2026 amid Niccol's 'Back to Starbucks' tech overhaul, China JV with Boyu re-architecting ownership/payments, and fresh Adyen EU modernization.	14	2	Prospecting	Anand Varadarajan, EVP & Chief Technology Officer (payments/digital in his org); from Amazon, started Jan 2026.	Cathy Smith, EVP & Chief Financial Officer.	Not found, no publicly named 'Head of Payments'; target VP/Director Global Payments via the CTO org.	Do NOT pitch 'you lack an orchestrator' (sophisticated, entrenched tier-1 PSPs). Position Yuno as a cross-region routing/failover + local-APM layer ABOVE Chase/Adyen/Alipay: unify approval rates and recover failed in-store + auto-reload across ALL markets, standardize local APMs for licensed/China-JV geographies. Time to the new CTO's modernization + Boyu JV.	Medium-high on facts (revenue, employees, China deal, PSPs, leadership). Low: exact US app/reload processor (inferred Chase); traffic breakdown; no named payments contact. Mechanical ICP 14 but honest fit tempered (mature in-house, deep tier-1 PSPs, closed wallet) = Tier 2.	No
Chick-fil-A	https://www.chick-fil-a.com		Weak hook today. Only wedge = local payment methods + local acquiring in Chick-fil-A's newly opening international markets (UK/GBP, Singapore/SGD, planned Europe & Asia); US core is mature, in-house, structurally low-fit (https://en.wikipedia.org/wiki/Chick-fil-A).	Food Delivery & Q-commerce		US QSR chicken chain; app-driven mobile order & pay + Chick-fil-A One rewards; highest per-unit sales in US QSR (https://en.wikipedia.org/wiki/Chick-fil-A).	QSR fast-food (chicken); operator model (company owns real estate, low operator fee) + drive-thru and app order-ahead; revenue = systemwide sales + operator royalties.	Enterprise	United States (+ nascent Canada, PR, UK, Singapore)	College Park, Georgia (Atlanta metro), USA.	~35,574 (Wikipedia, dated 2021; corporate/support staff, full system far larger).	Private (family-owned, Cathy family).	~$22B systemwide sales (2024); $21.6B (2023) (https://en.wikipedia.org/wiki/Chick-fil-A).	Not found	No public evidence of a named PSP/acquirer. Large in-house digital org; App confirms Chick-fil-A One digital gift card (stored value) + mobile order & pay. Apple Pay/Google Pay support not confirmed (https://apps.apple.com/us/app/chick-fil-a/id488818252).	No public evidence found; mature in-house digital/payments implies self-built/direct-to-acquirer (unconfirmed).	No public evidence of multiple processors (single-country USD acquiring most likely; not disclosed).	Confirmed in app: Chick-fil-A One digital gift card/stored value + mobile order & pay; QR-scan points. Apple/Google Pay Not found.	Not found	McDonald's, Starbucks, Chipotle, Wendy's, Popeyes, Raising Cane's. US QSRs generally build in-house; third-party orchestration limited.	Active international expansion: 5 overseas markets by 2030; UK 5 restaurants from early 2025; Singapore permanent restaurant Dec 2025 ($75M/10yr); Puerto Rico 7 stores; Canada growth (https://en.wikipedia.org/wiki/Chick-fil-A).	US-only limits fit: ~3,100 of ~3,400 units and the vast majority of volume are US; PR is a US territory on US rails. Cross-border payment complexity is minimal at today's footprint.	Mature in-house digital/payments with no disclosed PSP or orchestrator; likely direct bank-acquirer + proprietary stored-value (Chick-fil-A One). Low orchestration pull, hard to displace in the US core.	Only realistic wedge = the app / order-ahead + Chick-fil-A One CNP acquiring in NEW international markets (UK GBP, Singapore SGD, future Europe/Asia) where local APMs, local acquiring and recovery could matter as they scale.	Catalyst: international expansion into Europe & Asia (5 overseas markets by 2030, permanent Singapore store Dec 2025, 5 UK stores from 2025), the point local payment methods and multi-currency acquiring first become relevant.	9	3	Prospecting	Not found (Andrew Cathy is CEO but not a payments-specific contact).	Not found	Not found	Note weak fit. If ever pursued, ignore the US core and target newly opened international markets (UK, Singapore, future Europe/Asia) with local-acquiring + local-APM enablement as they scale from single stores to networks. Not a near-term ICP.	Medium on firmographics (Wikipedia) and app payment surface (App Store). Low: L (2021 dated), O (Not found), P/Q/R (not disclosed, inferred in-house), S wallets (Not found), contacts (Not found).	No
Wingstop	https://www.wingstop.com		Digital-first QSR: 73.2% of $5.3B system-wide sales are digital. Just built its own $50M proprietary MyWingstop checkout platform on AWS AND is accelerating international expansion (entered 6 new markets in 2025, 359->470 intl units). Owning the full checkout stack + multi-region rollout = orchestration fit to add local acquiring/APMs per market.	Food Delivery & Q-commerce		Chicken-wing QSR franchisor; 3,056 restaurants across 40+ markets, nearly 100% franchised, ~70%+ digital/off-premise (delivery & pickup).	Asset-light franchisor. Revenue = franchise royalties + advertising-fund + supply-chain, plus 57 company-owned restaurants.	Enterprise	United States (~95%+ of sales/traffic) plus international franchised markets: UK, Mexico, Colombia, UAE/Saudi/Kuwait, Indonesia/Singapore/Philippines/Malaysia.	Addison, TX; relocating corporate HQ to One West Village, Uptown Dallas.	~1,367 corporate employees (FY2025); system-wide far larger (franchised).	Public (NASDAQ: WING)	FY2025 total revenue $696.9M (+11.4%); system-wide sales $5.3B (+12.1%); 493 net new units (+19.2%).	wingstop.com traffic ~95-99% US, then UK, Netherlands, Canada; ~10M monthly visits.	No named PSP/acquirer disclosed. Digital checkout on Wingstop's own proprietary MyWingstop (AWS-hosted), migrated off Olo in 2025. Terms reference 'Wingstop's payment processor or its back-up service provider's payment processor' (implies primary + backup) [self-built platform / terms language].	No public evidence of a third-party payment orchestrator. Payment layer sits inside in-house MyWingstop; appears self-managed.	Likely Yes (redundancy), Terms reference a primary processor plus a 'back-up service provider's payment processor' (>=2 processors). Failover redundancy, not confirmed active multi-routing/orchestration.	Apple Pay, Google Pay, PayPal, Venmo, Klarna BNPL (US Pay-in-4), Visa/MC/Amex/Discover. Apple Pay reported in-store but not for online orders.	Scattered, no systemic issue: Apple Pay not accepted online; foreign/Canadian cards reported blocked; Vanilla/prepaid gift cards not accepted on app.	Competitors: Popeyes, KFC, Buffalo Wild Wings/BWW GO, Raising Cane's. No confirmed orchestration peer named.	Entered 6 new international markets FY2025 (intl 359->470); UK 57+ sites targeting up to 450; Indonesia doubling 60->120 by 2028; MENA push; vision 10,000+ global restaurants. Tech: $50M MyWingstop rollout (2025) + AWS partnership (2026). Chris Fallon SVP/CIO (Dec 2023); Kevin Fish SVP Digital.	Pain: entering 6+ new international markets/yr means building/certifying local acquiring and APMs (PIX/Mercado Pago LATAM, mada/KNET MENA, GoPay/DANA/GrabPay Indonesia) market-by-market on their new in-house stack. Value: Yuno's single API to 1,000+ methods across 200+ countries lets MyWingstop light up each market's local rails without per-market builds; orchestrator sits UNDER MyWingstop (no rip-and-replace of the $50M platform).	Pain: they self-built checkout and run primary + backup processor for failover, but failover is not smart routing. Value: Yuno adds intelligent retries/cascading and smart routing across processors (+7% approval, ~50% recovery), a direct system-sales lift on $5.3B where 73% is digital.	Pain: as a franchisor centralizing digital via MyWingstop, corporate lacks unified cross-market payment data/reconciliation while franchisees hold local acquiring. Value: Yuno gives one control plane + unified reporting/reconciliation across all markets and methods, plus fraud/KYC.	Catalyst: MyWingstop went system-wide 2025 (they now own their checkout stack) AND international expansion accelerating (6 new markets in a year, 470 intl units, AWS ordering 2026). Window is now, actively wiring payments into new geographies, no orchestration layer locked in.	12	2	Prospecting	Kevin Fish, SVP Digital (owns MyWingstop / e-commerce & checkout).	Chris Fallon, SVP Chief Information Officer (enterprise & restaurant technology; named Dec 2023).	Alex Kaleida, SVP & Chief Financial Officer (economic buyer for approval-rate/cost).	Lead with international expansion + their new self-owned checkout: 'You just took full control of checkout with MyWingstop and are entering ~6 new markets a year, Yuno slots underneath your platform as the payments layer so you light up local acquiring and APMs (LATAM/MENA/SE Asia) via one API instead of building each integration, while lifting approvals +7% and recovering ~50% of failed payments on your $5.3B digital base.' Target Kevin Fish with CFO Kaleida as sponsor.	Medium-High on financials, footprint, execs, expansion. LOW/inferred: P (no PSP named, inferred from Terms + self-built), Q (no public evidence), R (backup processor from Terms, not confirmed multi-routing), S (online vs in-store APM availability varies), U (orchestration peers unverified).	No
Papa John's	https://www.papajohns.com		International digital-first pizza QSR in 51 countries with regionally fragmented PSP stack (Checkout.com UK, Worldpay/Vantiv US historically, franchisee-run local processors elsewhere) and NO unified orchestrator; new Chief Digital & Tech Officer ex-Domino's driving digital transformation + China 1,350-store expansion = window to unify global payments (https://www.checkout.com/case-studies/papa-johns-uk-boosts-acceptance-rates-and-offers-more-payment-methods).	Food Delivery & Q-commerce		Pizza-delivery QSR chain; 6,030 restaurants across 51 countries, very high digital/delivery mix via web + app + PapaTrack.	Franchise-heavy QSR: royalties/fees from franchised units + company-owned restaurant sales + commissary/supply-chain (~86% franchised); digital ordering is primary consumer channel.	Enterprise	US (majority) + international franchised markets: UK, LATAM, MENA, Asia (China, India), Europe, 51 countries.	Global HQ Atlanta, GA (The Battery); co-HQ Jeffersontown/Louisville, KY for IT/supply chain/legal.	~11,400 corporate/company-owned employees (Dec 29 2024; -14% YoY); excludes franchise staff.	Public (NASDAQ: PZZA)	FY2024 total GAAP revenue $2,059.4M (-3.6% YoY); global system-wide restaurant sales $4.85B (-3%).	papajohns.com (US) ~91.9% US, 4.7% Canada, then India/UK/Brazil ~0.1-0.2%; international markets use separate ccTLDs (papajohns.co.uk etc.).	CONFIRMED multi-market/multi-PSP: UK acquirer = Checkout.com since Oct 2022 [DIRECT case study]; US historically Vantiv->Worldpay (2016) [DATED]; UK Pay-by-Bank via TrueLayer (open banking) [DIRECT]; network tokens live in UK.	No independent payment orchestrator confirmed. Checkout.com supplies PSP-level optimization (Intelligent Acceptance, network tokens) in the UK ONLY, a single-PSP acquirer, not a cross-processor orchestration layer; no unified global routing found.	Yes, regionally siloed: Checkout.com (UK) + Worldpay/Vantiv (US, historical) + franchisee-run local processors across 51 countries, no central orchestration tying them together.	PayPal, Venmo (PayShare), Visa Checkout; Apple Pay + Google Pay (UK, 98% accept); Pay by Bank / open banking (UK, via TrueLayer, -40% payment cost).	Not found, no specific public pattern of payment/billing complaints (2018 issues were a data breach/brand matter, not payments).	Domino's (in-house AnyWare ordering/payment tech), Pizza Hut (Yum!), Little Caesars; delivery aggregators DoorDash/Uber Eats. Direct-peer orchestration usage: Not found.	China: FountainVest deal for 1,350+ stores by 2040 (Jan 2022); 'Back to Better 2.0' prioritizing international markets (2025); Kevin Vasconi named Chief Digital & Technology Officer Sept 2024 (ex-Domino's/Wendy's); Ravi Thanawala added EVP International to CFO role; Pie Investments US refranchising +52 units by 2030 (Nov 2025).	PAIN: PSP stack fragmented market-by-market (Checkout.com UK, Worldpay/Vantiv US, franchisee-local across 51 countries) with no unified orchestration or HQ-level visibility. VALUE: Yuno's single API unifies acquiring/APMs across all markets, one integration per new-market launch. BEST CASE: standardize the China 1,350-store rollout + Back-to-Better-2.0 international push on one payments layer.	PAIN: proven payment-optimization ROI ONLY in the UK (network tokens +6% acceptance, Intelligent Acceptance +0.6%, Pay-by-Bank -40% cost via TrueLayer); every other market lacks it. VALUE: Yuno's smart routing, network tokens and failed-payment recovery (50%) extend those wins to US/LATAM/MENA/Asia on one platform.	PAIN: delivery-QSR margins thin and comps negative (NA -4%, global -3% 2024); every declined digital order is lost high-frequency revenue. VALUE: Yuno's +7% approval and 50% recovery drop to profitability. BEST CASE: on $4.85B system sales, 1-2 pts of approval uplift on the digital mix is material recovered revenue.	New Chief Digital & Technology Officer Kevin Vasconi (Sept 2024, ex-Domino's e-commerce architect); 'Back to Better 2.0' international focus; China 1,350-store FountainVest rollout; live Pay-by-Bank momentum, active modernization window through 2025-26.	14	2	Prospecting	Kevin Vasconi, Chief Digital & Technology Officer (ex-Domino's EVP/CIO, ex-Wendy's CIO), Sept 2024, primary digital/payments decision-maker.	Ravi Thanawala, EVP CFO & EVP International (owns cost-of-payments + international mandate).	Eamon Lindsell, Senior Product Manager Digital Technology, Papa Johns UK (drove Checkout.com + Pay-by-Bank).	Lead with international-fragmentation + expansion to Vasconi/Thanawala: 'You proved the payments-optimization thesis in the UK with Checkout.com, network tokens +6% acceptance, Pay-by-Bank -40% cost. Yuno lets you run that playbook in every market on ONE API as you scale China and Back-to-Better-2.0 international: one integration per new market, HQ-level global visibility, +7% approval and 50% recovery.' For Vasconi tie to his Domino's e-commerce track record.	Medium-High. Well-sourced: financials, UK payment stack, contacts, expansion. LOW: current US acquirer (only 2016 evidence), employee count corporate-only, peer orchestration unconfirmed, O reflects only US .com.	No
Pizza Hut	https://www.pizzahut.com		PE carve-out is the hook: Yum is selling Pizza Hut (LongRange Capital for ex-China $1.5B; Yum China for Mainland China $1.2B; ~$2.7B total, close Q3 2026). Newco must separate from Yum's in-house Byte/Commerce digital-ordering platform and stand up its own global acquiring + local APMs = greenfield payments window (https://www.cnbc.com/2026/06/16/yum-brands-sells-pizza-hut-to-private-equity-firm-longrange-capital-for-2point7-billion.html).	Food Delivery & Q-commerce		Global QSR pizza chain (dine-in, carryout, delivery, digital ordering) operating ~20,225 units across 100+ countries, mostly franchised; part of Yum! until the pending sale. Digital ~70% of sales, a $2B+ digital business.	Franchise-led QSR: royalties + franchise fees plus company-operated stores; heavy digital/delivery mix. Being taken private under LongRange Capital (ex-China) + Yum China.	Enterprise	Global (100+ countries). pizzahut.com traffic ~96% US; long tail Canada, Australia, UK. Mainland China large and separately owned by Yum China post-deal.	Plano, Texas, USA.	Parent Yum! ~40,000 (23k US / 17k intl) at 12/31/2024, plus 1M+ across ~60,000 franchise restaurants; Pizza Hut-specific headcount not disclosed.	Public via parent Yum! (NYSE: YUM), but going private: Pizza Hut ex-China to LongRange Capital (PE) and Mainland China to Yum China (NYSE: YUMC), close ~Q3 2026.	Pizza Hut-specific system sales: Not found. Parent Yum! FY2024 $68.3B system sales, $7,549M total revenue. Pizza Hut brand valued ~$2.7B in the 2026 sale.	pizzahut.com ~4.3M monthly visits; top countries US 96%, Canada 0.29%, Australia 0.18% (international markets on separate sites, .com understates footprint).	No named third-party PSP/acquirer found publicly. US web/app checkout on Yum's proprietary 'Byte by Yum!' (built in-house). China payments via Yum China: Alipay, WeChat Pay, UnionPay [proprietary platform / no public third-party acquirer].	No third-party payment orchestrator. Yum built its own proprietary stack (Byte by Yum!, ~370M digital transactions 2025, ~$40B digital sales) rather than an external orchestrator.	Yes (inferred): 100+ country franchise footprint plus separately-owned Yum China (Alipay/WeChat/UnionPay) necessitates many local acquirers/processors; US centralized on Byte/Commerce.	Apple Pay & Google Pay (US wallets); Alipay, WeChat Pay, UnionPay (China via Yum China); historically Visa Checkout. PayPal reportedly NOT accepted (Nov 2025). Cards: Visa/MC/Amex/Discover.	Recurring checkout/payment complaints: declined-but-charged, double charges, gift-card + debit split-payment errors, 'invalid payment' failures (https://www.bbb.org/us/tx/plano/profile/restaurants/pizza-hut-inc-0875-12000796/complaints).	Domino's (integrated Cash App Pay 2025), Papa John's; sibling brands Taco Bell (added PayPal + Venmo 2025) and KFC. No public evidence any use a dedicated orchestrator.	Sale to LongRange Capital + Yum China ($2.7B, announced 6/16/2026, close ~Q3 2026); Yum China targeting 6,000+ Pizza Hut stores by 2028. Byte by Yum! launched Feb 2025. Prior tech M&A: Dragontail, Tictuk, Kvantum, QuikOrder. Leadership: Chris Turner CEO, Ranjith Roy CFO, Jim Dausch CDTO/President Byte.	Carve-out greenfield: under a TSA clock, LongRange's independent Pizza Hut must rebuild payment rails off Yum's Byte/Commerce platform. Pain: no lean newco wants to re-staff Yum's payments engineering. Value: Yuno's single API stands up global acquiring + 1,000+ methods across 200+ countries fast, no in-house build. Best case: Yuno becomes the payment layer from day one of separation.	Local-APM gap across 100+ franchise markets: pizzahut.com is 96% US, but the brand spans 100+ countries where franchisees sit on fragmented local acquirers with no unified orchestration. Yuno's +7% approval on a high-frequency low-ticket QSR base converts to EBITDA a PE owner cares about.	Payment reliability/recovery: documented app decline/double-charge/failed-payment complaints on a ~370M+ digital-transaction base leak high-intent orders. Yuno smart routing + ~50% failed-payment recovery recaptures abandoned orders and lifts digital conversion (~70% of sales).	Now-to-Q3-2026: Pizza Hut sale to LongRange/Yum China closes ~Q3 2026. Separation from Yum's shared tech = a rare RFP/greenfield moment. Engage pre/at close while the newco defines its standalone stack.	13	2	Prospecting	Scott Kessler, Senior Director Global E-Commerce, Pizza Hut (owns checkout, order submission, payment, tipping); best payments-adjacent entry, stays with the brand.	Mehreen Shams, Chief Digital Experience Officer, Pizza Hut (leads $2B+ digital, ~70% of sales); title/status medium confidence.	Jim Dausch, CDTO Yum! Brands / President Byte by Yum! (parent-level tech owner; relevant for separation planning).	Lead with the carve-out, not 'you lack an orchestrator.' As Pizza Hut separates from Yum's Byte/Commerce under LongRange Capital, position Yuno as the fastest way for a lean, newly independent global QSR to stand up its own payment orchestration, one API to 1,000+ methods across 200+ countries, +7% approval, ~50% recovery, hitting the EBITDA story a PE owner underwrites. Open with Scott Kessler.	Medium-high. High: parent financials/employees, carve-out deal, Byte in-house platform, traffic, complaints. LOW/Not found: exact PSP/acquirer name (inferred proprietary), Pizza Hut-specific system sales & headcount, multiple processors (inferred), Mehreen Shams current title, TSA duration on Byte.	No
Taco Bell	https://www.tacobell.com		Scaling to 2,000 international restaurants by 2028 (LATAM +125, India 160+, Mexico, Middle East, Japan, Australia) with digital mix at record 20.3% of system sales, but acceptance stack is US card-centric on Yum's in-house Byte; PayPal & Venmo added in-app/web June 2025. Each new market = local-acquiring + APM need. HONEST: predominantly US today, franchisee-operated intl, in-house build = weak fit.	Food Delivery & Q-commerce		Mexican-inspired QSR; 8,757 restaurants across 25 countries (2024), company-owned + franchised, app + digital ordering + Rewards.	Franchise-heavy QSR: US company-operated + franchised; ALL international units franchisee-run (e.g. Burman Hospitality India). Revenue from company sales, royalties, digital/delivery. >50% of Yum system sales digital.	Enterprise	Predominantly United States (bulk of 8,757 units & $17.1B system sales); international ~1,150 units across ~32 countries and growing (Spain, UK, Australia, India, LATAM, Asia).	1 Glen Bell Way, Irvine, California, USA.	~800+ corporate at Irvine HQ; LinkedIn lists 10,001+ (system-wide incl. franchise far larger).	Public (parent Yum! Brands, NYSE: YUM).	Taco Bell system sales $17.1B 2024 (+8%); record $1B operating profit; digital sales +32% to $6B; international ~$1B. Parent Yum! total revenue $7.55B FY2024.	US top traffic country; global rank ~#4,445 (https://www.similarweb.com/website/tacobell.com/). Full breakdown Not found.	No single PSP/acquirer disclosed. App/web accept cards (Visa/MC/Amex/Discover), Apple Pay, Google Pay, PayPal & Venmo (Jun 2025), gift cards. Digital commerce on Yum's in-house 'Byte by Yum!' (300M+ US digital txns/yr) [inferred, in-house + wallets/PayPal, no named external acquirer].	No public evidence of a third-party orchestrator. Payments run through Yum's proprietary Byte by Yum! (built in-house, absorbing Tictuk/Dragontail), a build-vs-buy posture.	Likely Yes: cards + Apple Pay + Google Pay + PayPal/Braintree + Venmo across markets, plus franchisee local processors internationally, but NO public evidence of formal multi-acquirer/failover.	Apple Pay, Google Pay, PayPal, Venmo (Jun 2025), Visa/MC/Amex/Discover, Taco Bell gift cards. India (Burman Hospitality) local UPI/wallets likely but not confirmed (Not found).	App billing complaints: charged with no order placed, multi-day refund waits, duplicate/erroneous charges ($215 multiple times), coupons not applying, app crashes during promos.	McDonald's, Chipotle, Wendy's, Chick-fil-A, Del Taco, Qdoba, sister brands KFC/Pizza Hut. Peers on orchestration/enterprise acquiring (McDonald's & Chipotle on Adyen); Taco Bell/Yum builds in-house.	347 new units across 25 countries in 2024; target 3,000 intl restaurants/50+ countries by 2030 (France, Greece, South Africa); India master-franchise 136 stores -> 600 by 2030; Sept 2025 leadership reset (Julie Davis CDO Intl, Taylor Montgomery Global CBO).	Pain: each new market (India UPI, LATAM, EU APMs) = bespoke per-market acquirer/APM integrations, fragmented across franchisees + in-house platform -> slow launches + lower local auth. Value: Yuno's single API to local acquirers + 1,000+ methods lets every new-country launch ship with local APMs day one. Best case: +7% approval and faster entry toward 50+ countries.	Pain: app billing glitches (double charges, charged-no-order, checkout failures during promos) hurt CX on $6B digital. Value: Yuno smart routing + retries/failover reduces failed/duplicate transactions. Best case: 50% recovery of otherwise-failed authorizations.	Pain: cross-border transactions get declined more often; franchisee-run intl markets lack unified acquiring. Value: local acquiring via Yuno lifts cross-border acceptance and gives one control plane. Best case: standardized orchestration that plugs into Byte by Yum! rather than replacing it.	Catalyst: 2025-2030 international land-grab + fresh Sept-2025 intl-development leadership + newly diversifying payment methods (PayPal/Venmo Jun 2025) = payments architecture in flux and expanding into APM-diverse markets NOW.	7	3	Prospecting	Dane Mathews, Global Chief Digital & Technology Officer, Taco Bell (owns digital/app/loyalty/commerce; drove digital past $6B).	Julie Davis, Chief Development Officer Taco Bell International (owns intl growth).	Sean Tresvant, CEO, Taco Bell (since Jan 2024). Enterprise payments/treasury likely at Yum! corporate.	Lead with international expansion, not 'you lack an orchestrator' (they build in-house). Frame Yuno as the local-acquiring + APM-coverage layer that plugs into Byte by Yum! so every new market (India UPI, LATAM, France/Greece/South Africa) launches with local methods + higher auth. Secondary: duplicate-charge/checkout-failure reliability on $6B digital. Target Dane Mathews and Julie Davis.	Medium-high. Low: P/R (no external PSP named, in-house Byte; PayPal/Venmo via Braintree inferred), S intl APMs (India UPI unconfirmed), O (only US top-country), Q (absence-of-evidence). Weaker fit: franchisee-operated intl, US-concentrated volume, in-house build.	No
KFC	https://www.kfc.com		Global QSR giant (61k+ restaurants, 155+ countries) that just centralized tech into proprietary 'Byte by Yum!' (incl. its own payment systems, 300M+ US digital txns/yr) but has NO third-party orchestrator across fragmented international/franchisee markets, textbook Yuno multi-market acquiring + local-APM fit. Precedent: McDonald's LATAM franchisee (Arcos Dorados) runs Yuno across 21 countries. Byte launched Feb 2025 = active payments modernization.	Food Delivery & Q-commerce		KFC = fried-chicken QSR chain, part of Yum! Brands alongside Pizza Hut, Taco Bell, Habit Burger (https://en.wikipedia.org/wiki/Yum!_Brands).	Franchise-led QSR. ~98% franchised; Yum! earns royalties + advertising/tech fees + limited company-restaurant sales; digital ordering on proprietary Byte by Yum! SaaS.	Enterprise	Global. US (largest kfc.com traffic ~81%), India, LATAM, MENA, UK, SE Asia; mainland China served by separately-listed Yum China.	Louisville, Kentucky, USA (Yum! Brands).	~40,000 direct employees (12/31/2024 10-K; 23k US / 17k intl); 1M+ across franchise system.	Public, Yum! Brands (NYSE: YUM). Yum China (NYSE: YUMC) is a SEPARATE listed company (spun off Nov 2016), runs KFC/Pizza Hut in mainland China with its own payments (WeChat/Alipay).	Yum! Brands total revenue $7.547B FY2024; system-wide sales tens of billions across 61,000+ units.	kfc.com top traffic: US ~81%, then Australia, Kazakhstan, France, Spain; regional domains localized (kfc.co.in India, kfc.co.uk UK) (https://www.similarweb.com/website/kfc.com/).	No single third-party PSP/acquirer disclosed at group level. Payments run through proprietary 'Byte by Yum!' (US: 300M+ digital txns/yr, launched Feb 2025) plus market/franchisee processors; app checkout accepts Apple Pay, Google Pay, cards, gift cards, PayPal (some markets) [self-built platform + app observation].	No public evidence of a third-party orchestrator. Yum! chose BUILD, proprietary Byte by Yum! consolidates ordering/POS/payment systems (US-centric). No unified multi-PSP orchestration across 155+ countries.	Yes (inferred), decentralized franchise + 155-country model implies many acquirers/PSPs by market; Byte's payment stack is US-focused while intl markets run separate apps/processors.	Cards (Visa/MC/Amex), Apple Pay, Google Pay, gift cards, PayPal (select markets); India: UPI, Paytm wallet, net banking, cards. Mada/Fawry MENA = Not found.	Recurring KFC-app payment failures: double charges on failed orders, money debited but order not placed, multi-month refund delays; India UPI/Paytm debited-not-placed complaints (https://www.sikayetvar.com/en/kfc-us/).	Competitors: McDonald's, RBI (BK/Popeyes/Tim Hortons), Starbucks, Domino's, Chick-fil-A, Wendy's, Subway. Orchestration: McDonald's LATAM (Arcos Dorados) on Yuno across 21 countries.	Feb 2025 launched Byte by Yum! AI tech platform. Oct 2025 Chris Turner became CEO (from CFO). Joe Park departed to State Farm (Oct 2025); Jim Dausch elevated to global Chief Digital & Technology Officer. Q4 2024 acquired 128 Taco Bell restaurants for $670M.	Pain: 155+ country footprint = fragmented market-by-market acquiring + missing local APMs -> app payment failures & refund delays, lost conversion. Value: one Yuno API unifies routing, tokenization, local APMs + smart retries (+7% approval, 50% recovery). Best case: Arcos Dorados unified 21 LATAM countries on Yuno.	Group play: Yum! owns KFC + Pizza Hut + Taco Bell + Habit on ONE tech backbone (Byte by Yum!). A single orchestration layer under Byte serves all four brands across every market vs Byte's current US-only payment scope.	Build-vs-buy wedge: Yum! built Byte's US payment layer but replicating across 155 countries + local APMs is a multi-year per-market lift. Yuno slots in as the international acquiring/APM orchestration layer BEHIND Byte, complement not rip-and-replace.	Catalyst: Byte by Yum! launch (Feb 2025) + new CEO Chris Turner (Oct 2025) + new CDTO Jim Dausch = active payments/tech modernization; documented app payment failures create internal urgency.	14	1	Prospecting	Jim Dausch, Global Chief Digital & Technology Officer, Yum! Brands (owns Byte/payments tech).	Chris Turner, CEO, Yum! Brands (ex-CFO, since Oct 1 2025).	Not found, dedicated Head/VP of Payments not public; target Byte by Yum! digital-commerce/payments org on LinkedIn.	Lead with the McDonald's/Arcos Dorados proof (a direct QSR peer's largest franchisee unified 21-country payments on Yuno). Frame Yuno as the international acquiring + local-APM orchestration layer that plugs BEHIND Byte by Yum! to extend its US payment stack globally without per-country rebuilds, cutting app payment-failure/refund friction (+7% approval, 50% recovery).	High on corporate facts. Medium on payment stack (Byte builds own payments well-sourced, exact acquirers per market inferred). Low: R (inferred), AD/AF (payments contacts unverified), MENA APMs (Not found). Structural caveat: China off-limits (Yum China separate), franchise fragments the buying decision, hence 14/18 but kept Tier 1.	No
Burger King	https://www.bk.com		Global QSR in 120+ countries with fragmented, market-by-market payment rails (PIX in Brazil via Zamp; Alipay+ wallets across APAC; Apple Pay/Google Pay/PayPal/Venmo on US app) and NO public payment orchestrator. 42% of system-wide sales digital (target 50% by 2028) across 65M loyalty/app users. Direct parallel to McDonald's/Arcos Dorados which unified 20+ LATAM countries on Yuno. Group-level orchestration play across BK + Popeyes + Tim Hortons + Firehouse.	Food Delivery & Q-commerce		Global QSR burger chain, a brand of Restaurant Brands International (RBI), which also owns Tim Hortons, Popeyes and Firehouse Subs; 33,041 total restaurants across 120+ countries (https://www.prnewswire.com/news-releases/restaurant-brands-international-inc-reports-fourth-quarter-and-full-year-2025-results-302685828.html).	Franchise/royalty model (~5% + 4% of franchisee sales) plus company-operated restaurants and digital app/loyalty (Royal Perks). Consumer QSR retail.	Enterprise	Global. US = largest single BK market; International system sales $20.199B (2025). Major LATAM via Zamp/Brazil; growing APAC (China, SE Asia, Korea) and EMEA.	RBI HQ Toronto, Ontario, Canada; Burger King brand HQ Miami, Florida.	~37,600 employees (RBI, FY2024 10-K).	Public (parent RBI, NYSE/TSX: QSR).	RBI FY2025 total revenues $9.434B; consolidated system-wide sales $46.762B; Burger King brand system-wide sales $11.578B (2025).	Not found (no reliable SimilarWeb breakdown). By system sales, US largest; Brazil (Zamp) largest single international market.	No single global PSP/acquirer disclosed; stack fragmented by market/franchisee. US BK app: Apple Pay, Google Pay, PayPal, Venmo, cards, gift cards; Brazil app: PIX via Zamp; APAC via Ant Group Alipay+; Adyen present in some markets via partners (Vox AI drive-thru Poland, Aigens) [app-store/secondary + partner-level] (https://docs.alipayplus.com/alipayplus/alipayplus/news/rbi_ant_group).	No public evidence of a payment orchestrator. Alipay+ (Ant Group) is a cross-border wallet aggregator in APAC only, not full orchestration.	Yes (inferred). Distinct rails per market/franchisee: Zamp/Brazil (PIX), US app (Apple/Google Pay, PayPal, Venmo), APAC (Alipay+), Europe (partner/Adyen terminals) imply multiple acquirers/PSPs and no unified processor.	PIX (Brazil app), Apple Pay, Google Pay, PayPal, Venmo (US app), plus Alipay+ wallets in APAC: Touch n Go (MY), TrueMoney (TH), GCash (PH), Kakao Pay (KR).	Recurring BK-app double-charge complaints with refunds denied (system shows single order), customers pushed to card-issuer chargebacks (https://www.bbb.org/us/tx/dallas/profile/restaurants/burger-king-0875-91067002/complaints).	Direct competitors: McDonald's (LATAM master franchisee Arcos Dorados is a Yuno orchestration customer across 20+ countries), Wendy's, Yum! Brands, Starbucks.	(1) Zamp S.A. (BK Brasil master franchisee, 1,820 BK + 170 Popeyes) taken private ~Dec 2025 by Mubadala Capital. (2) RBI-Ant Group/Alipay+ APAC digital & payments partnership. (3) Goal: digital = 50% of global system sales by 2028 (from 42% in 2025).	Insight #1, Pain: 120+ markets on fragmented per-market rails + app double-charge/decline leakage hurting the 42%->50% digital-sales push. Value: one Yuno API to route, retry and recover across processors/APMs (+7% approval, 50% recovery), add local methods without re-integrating per country. Best case: McDonald's/Arcos Dorados unified LATAM on Yuno (18 countries, +4.7% approval).	Insight #2, Group-level orchestration across all four RBI brands (BK + Popeyes + Tim Hortons + Firehouse), 33,041 restaurants: one payment stack, shared local-APM library, unified routing/tokenization and consolidated reconciliation.	Insight #3, LATAM/APAC local-method depth: PIX is live in Brazil but almost certainly single-acquirer (concentration/failover risk), and APAC coverage runs through Alipay+ only. Yuno adds full per-market local-APM coverage + smart routing + network tokenization to protect the 65M loyalty/app users.	Catalyst: Zamp/Brazil take-private (Dec 2025) puts the largest intl market's payment stack in play; RBI's 50%-digital-by-2028 target; shift toward company-operated markets (Popeyes China, US Carrols) gives corporate direct control; Q4/FY2025 results (Feb 2026) emphasize digital investment.	16	1	Prospecting	Josh Kobza, CEO, Restaurant Brands International (no public Head of Payments).	Sami Siddiqui, CFO, Restaurant Brands International (Mar 2024).	Patrick Doyle, Executive Chairman, RBI (Global CIO/Head of Payments to identify on LinkedIn).	Lead with the McDonald's/Arcos Dorados LATAM proof (peer unified 20+ countries, +4.7% approval) and pitch group-level orchestration across BK+Popeyes+Tim Hortons+Firehouse: protect the 42%->50% digital-sales goal, kill app double-charge/decline leakage, add real local-APM depth per market (PIX + beyond in LATAM, wider wallet coverage in APAC) through one API.	HIGH on scale/financials/APM presence. LOW: exact PSP/acquirer identity (no single global processor), orchestrator absence (inferred), web traffic (Not found), no named payments decision-maker. Structural caveat: RBI is a franchisor, payments partly franchisee-controlled; buyer is corporate digital/app + company-operated markets.	No
Popeyes	https://www.popeyes.com		RBI group-level orchestration whitespace: 33,041 restaurants across 120+ countries, active international expansion (India/Spain/UK/China), local-wallet acceptance via Ant Group Alipay+ but no named payment orchestrator, a group play across Popeyes/BK/Tim Hortons/Firehouse.	Food Delivery & Q-commerce		Popeyes Louisiana Kitchen, fried-chicken QSR (dine-in, drive-thru, app + 3P delivery); brand of Restaurant Brands International.	Franchised QSR: ~95% franchisee-operated; RBI earns royalties/fees on franchisee system sales plus company-operated units and supply/property income.	Enterprise	US-concentrated brand internationalizing: US & Canada 3,578 units, ~1,835 international (Popeyes total 5,413 globally FY2025).	Popeyes brand HQ Miami, FL; parent RBI HQ Toronto, ON with executive offices Miami, FL.	RBI ~53,500 total employees (aggregator; RBI 10-K corporate headcount far smaller due to franchising).	Public (parent Restaurant Brands International, NYSE/TSX: QSR).	RBI total revenue $9.434B FY2025; consolidated system-wide sales $46.762B (+5.3%); Popeyes (PLK) system-wide sales $6.076B (-0.7%), comparable sales -3.2%.	popeyes.com ~5.5M monthly visits; top countries US 89.99%, Canada 1.73%, India 0.97%, UK 0.30%, Vietnam 0.30% (Similarweb, Jun 2026).	No single public disclosure of Popeyes' card acquirer/PSP for app/web. RBI accepts local wallets in-store/app/web via Ant Group Alipay+ across brands. Card processing likely franchisee/regional and undisclosed [partial/inference].	No dedicated payment orchestrator identified; Alipay+ is a wallet aggregator/gateway (APAC), not full orchestration [inference].	Yes (inferred), franchise model across 120+ countries implies multiple regional acquirers/processors; Alipay+ layered for APAC wallets alongside card rails.	In-store/drive-thru: cards, Apple Pay, Google Pay; APAC wallets via Alipay+ (Touch n Go MY, TrueMoney TH, GCash PH, Kakao Pay KR, Alipay). In-app (US): credit/debit + gift cards only, NO Apple Pay/Google Pay in the Popeyes app.	Not found, no material public pattern of payment-specific complaints beyond generic app order-accuracy gripes; app checkout limited to cards/gift cards (friction signal, not complaint).	Competitors: Chick-fil-A, KFC (chicken QSR), McDonald's/Wendy's. Sibling RBI brands share the group stack.	Aggressive international expansion 24mo: India/Bangladesh/Nepal/Bhutan development deal; Spain ~140 units; UK & India each +50 units in 3 yrs; acquired Popeyes China for $15M (2024); entered Italy, Poland, Czechia, Balkans; INTL segment system sales +10.7% cc FY2025.	Insight #1, App checkout accepts only cards + gift cards (no Apple/Google Pay in-app) while stores do; this wallet gap caps digital conversion. Yuno's single API adds Apple Pay/Google Pay/local wallets to app+web and lifts approvals (+7%).	Insight #2 (RBI group-level), 120+ countries and 33,041 restaurants across 4 brands = fragmented region-by-region acquirer setups. One Yuno layer standardizes routing, tokenization, local-APM enablement across BK/Tim Hortons/Popeyes/Firehouse.	Insight #3, Alipay+ solves APAC wallets but leaves LATAM/Europe/India local methods (UPI, Pix, OXXO, iDEAL) and smart card routing uncovered as expansion accelerates; Yuno fills the non-APAC APM + retry/recovery gap.	Catalyst: new Popeyes US&Canada President Peter Perdue (Nov 2025) inheriting negative US comps (-3.2% FY2025) -> digital/tech modernization mandate; fast international rollout (India, Europe) creates a payments-infrastructure decision window.	11	2	Prospecting	Peter Perdue, President Popeyes U.S. & Canada (appointed Nov 2025).	Sami Siddiqui, CFO Restaurant Brands International (group payments/cost owner).	Thiago Santelmo, President International RBI (owns expanding non-US markets); no dedicated Head of Payments (Not found).	Lead at RBI group level, not Popeyes alone: pitch one orchestration layer across BK/Tim Hortons/Popeyes/Firehouse to standardize acquiring and enable local APMs as international expansion accelerates. Brand-level hook: close the in-app wallet gap (add Apple/Google Pay + local methods) to lift digital conversion amid negative US comps.	Medium. High: financials, system sales, restaurant counts, traffic, expansion, leadership. Low/Not-found: exact card PSP/acquirer (inference), RBI employee count (aggregator), no named payments decision-maker.	No
Tim Hortons	https://www.timhortons.com		No payment orchestrator across a genuinely multi-market digital footprint (Canada/US app + Scan&Pay, Tims China WeChat, MENA/India via franchisee). Large loyalty app + stored-value reload = a real online-commerce surface where auth-rate lift, wallet coverage, and reload/failed-payment recovery apply. Group-level (RBI) + fast international expansion is the hook.	Food Delivery & Q-commerce		Coffee/QSR chain (coffee, baked goods, breakfast); operates ~all locations via franchise. Part of Restaurant Brands International.	Franchise/master-franchise QSR: royalties + rent + supply on franchisee system sales plus direct digital revenue via app (mobile order & pay, Scan & Pay, stored-value Tim Card reload) and loyalty (Tims Rewards). China (Tims China) and MENA/India via separate entities.	Enterprise	Canada (core), USA; international growth: China (Tims China), GCC/Middle East + India (via AG Cafe/Apparel Group), plus Mexico/Philippines/Pakistan.	Parent RBI HQ: 130 King Street West, Toronto, Ontario, Canada.	RBI parent ~37,600 employees (12/31/2024 10-K).	Public (parent RBI NYSE/TSX: QSR); Tims China / TH International (NASDAQ: THCH).	RBI FY2025 total revenues $9,434M; system-wide sales $46,762M; 33,041 restaurants. Tim Hortons segment FY2025 revenue $4,247M; TH system-wide sales $7,573M. Tims China FY2025 US$188.2M, 1,047 stores, 31.0M loyalty members.	timhortons.com top audiences Canada (primary), then US and Saudi Arabia (Semrush/SimilarWeb).	No public evidence of named PSP/acquirer. App links credit card or Tim Card; Scan & Pay launched Nov 2022. Canada app accepts Visa, MC, Amex, Discover, Apple Pay, Google Pay, Samsung Pay, Interac, Tims gift card. Canadian card-present acquiring commonly Moneris but NOT confirmed [app help + press, no vendor named].	No orchestrator publicly evidenced. No mention of Yuno/Spreedly/Primer or orchestration in filings/PRs/app docs.	Yes (inferred, not vendor-confirmed): payments fragmented by region/entity, RBI corporate app (Canada/US), Tims China on WeChat ecosystem (separate NASDAQ entity), MENA/India run by AG Cafe/Apparel Group with local acquiring. No single processor spans the group.	Confirmed (Canada app): Visa, MC, Amex, Discover, Interac, Apple Pay, Google Pay, Samsung Pay, Tims gift card. China: WeChat Mini Program / WeChat Pay (Alipay likely, unconfirmed).	Yes, app payment complaints: duplicate/double charges from app glitches, orders canceled/not fulfilled but still charged, slow/refused refunds (BBB + help center).	Competitors: Starbucks, Dunkin', McCafe, Luckin/Cotti (China), local coffee chains (India/MENA). Peers: Starbucks in-house digital/stored-value.	Aggressive 24mo expansion: 300+ stores across GCC & India milestone (162 Saudi, 86 UAE, Qatar/Kuwait/Bahrain/Oman), 500 ME target; India plan 300 stores/10yrs via AG Cafe; Pakistan/Mexico/Philippines launches; Tims China grew to 1,047 stores & 31.0M loyalty members (+29% YoY).	Pain: digital payments fragmented per market/entity with no orchestration layer, and documented app double-charge/refund failures hurting guest trust. Value: Yuno unifies app + reload payments behind one API with smart retries, failover routing, reconciliation. Best case: fewer failed/duplicate charges + higher auth on reloads and mobile order & pay.	RBI group-level: four brands (Tim Hortons, BK, Popeyes, Firehouse) across 120+ countries and 33k+ restaurants building on RBI's central digital/tech platform; a single orchestration standard adopted once and reused across brands and new-market launches (India/MENA/LatAm).	Expansion enablement: every new market (India, GCC, Pakistan, Mexico, Philippines) requires local APMs and acquirers; Yuno's 1,000+ methods / 200+ countries lets RBI and master franchisees launch payments in-market fast, with one reconciliation view.	Catalyst: FY2025 record results ($46.8B system sales, +10.6% TH Q4) funding global expansion (India, GCC 500-store target, Tims China scale) + open Head of Digital Product & Experience role at Tim Hortons = active digital-payments investment window.	11	2	Prospecting	Frank Liberio, Global CIO, RBI (payments/tech decision influencer).	Head of Digital Product & Experience, Tim Hortons (owns app/web/delivery guest experience; role listed, incumbent unnamed).	Sami Siddiqui, CFO RBI (payments cost/econ owner; since Mar 2024).	Lead with RBI group-level + expansion angle to a digital/payments leader (CIO or Tim Hortons Head of Digital): 'You are scaling app + reload payments across Canada, China, GCC and India on different rails with no orchestration layer, and guests report double charges and refund failures. Yuno gives one API across all markets, smart failover to cut failed/duplicate charges, and reconciliation across brands.' Reference Head of Digital opening as timing.	High on financials, expansion, app methods, complaints, no-orchestrator. Low: P (no named PSP, Moneris inferred), R (multi-processor inferred from entity structure), S China Alipay (unconfirmed), AD contact (title from third-party listing), employees FY2024.	No
Wendy's	https://www.wendys.com		Aggressive international expansion (goal 2,000 intl restaurants by 2028; LATAM +125, India 160+, Mexico, Middle East, Japan, Australia) while payments stack is US card-centric on an INCUMBENT ACI Omni-Commerce orchestration platform. Gap = local APMs for the global app/web/kiosk CNP layer as new markets open. HONEST: incumbent orchestrator + franchise + US-heavy = weak fit.	Food Delivery & Q-commerce		The Wendy's Company operates and franchises Wendy's QSR hamburger restaurants in the US and 31 foreign countries; app + Wendy's Rewards loyalty + delivery.	Franchisor/operator QSR: ~95% franchised (394 company-operated vs 6,846 franchised at YE2024); revenue from royalties/fees, company-restaurant sales, ad fund, rental income.	Enterprise	US-dominant (5,969 US restaurants); international 1,428 units across 31+ countries (Canada, UK, India, Mexico, Middle East, Japan, LATAM, Australia).	Dublin, Ohio, USA.	~14,500 employees (2024 10-K).	Public (NASDAQ: WEN)	FY2025 total revenue $2.18B, systemwide sales $14.0B (-3.5%); FY2024 $2.2B / $14.5B.	Not found (no SimilarWeb); US-primary by footprint (US ~5,969 of 7,397 restaurants).	ACI Worldwide, ACI Payments Orchestration Platform (Omni-Commerce) across kiosk, mobile, online and card-present, uniting corporate + franchise restaurants [strong evidence: vendor case study] (https://www.aciworldwide.com/insights/case-studies/wendys).	Yes, already runs an orchestration/omni-commerce layer via ACI Worldwide (card-present + card-not-present unified). INCUMBENT ORCHESTRATOR present.	Not found, ACI unifies acquiring across channels; whether multiple downstream processors are routed not disclosed. Franchise/international units may use separate local processors (not disclosed).	Cards (credit/debit), Apple Pay, Google Pay, Samsung Pay, physical + digital gift cards (US app).	App/website outages blocking online orders; delayed card processing causing unexpected/duplicate charges; gift cards can't split-pay when balance low; refund friction (aggregated user reports).	QSR peers: McDonald's, Burger King (RBI), Yum! Brands. Many large retailers use ACI/Cybersource/Adyen; Wendy's itself already on ACI orchestration.	Aggressive 24mo international push: target 2,000 international restaurants by 2028; 150-200 net new units in 2025 (~2/3 international); +125 LATAM; India 160+; Australia (200 planned); Japan (500th APMEA store); Italy 170 over 10yrs; Romania/Scotland/Ireland agreements.	Pain: expanding to 2,000 intl restaurants in APM-first markets (LATAM/India/Mexico/Middle East) while acceptance stack is US-card-centric (ACI). Value: Yuno adds 1,000+ local APMs (Pix, UPI, OXXO/SPEI, regional wallets) via one API. Best case: app/web/kiosk CNP checkout localized per new market without per-country PSP builds.	Pain: single-provider CNP dependence + digital order failures (app outages, delayed/duplicate charges) on a channel now 20.3% of system sales. Value: Yuno smart routing across processors + retries/recovery (+7% approval, 50% recovery).	Pain: payments fragment across 30+ countries as each master-franchise spins up its own local PSP. Value: Yuno as one orchestration + reconciliation + fraud/KYC layer standardizes acceptance across markets, complementing (not ripping out) ACI on the US core.	International unit-growth push (2,000 intl by 2028; ~2/3 of 2025 openings international) + record digital mix (20.3% Q1'25) + leadership transition (Ken Cook interim CEO). New Brazil/LATAM, India, Mexico openings = timing wedge for local-APM enablement.	8	2	Prospecting	Peter Jessiman, Director Payment Acceptance, The Wendy's Company (Merchant Advisory Group + US Payments Forum).	Not found (VP & Treasurer referenced in ACI case study but name not disclosed; verify on LinkedIn).	Not found	Do NOT lead with 'you lack an orchestrator' (they run ACI). Lead with international digital expansion: 'As you scale to 2,000 international restaurants and 20%+ digital mix, does your app/web/kiosk checkout support the local methods that dominate LATAM (Pix), India (UPI) and Mexico (OXXO/SPEI)? Yuno layers those in via one API alongside ACI, no rip-and-replace.' Target Peter Jessiman.	HIGH on financials, footprint, expansion, ACI relationship. MEDIUM/LOW: whether corporate HQ vs franchisees control international CNP; whether ACI already covers local APMs abroad (Not found); traffic (Not found); AE/AF (Not found). ICP is a judgment call reflecting incumbent-orchestrator + franchise + US-heavy drags.	No
Dunkin'	https://www.dunkindonuts.com		Pre-IPO Inspire Brands ($33.4B system sales, 6 brands) with US-heavy closed-loop DD Card reload = a real online card-acquiring flow on a SINGLE processor (Fiserv/Carat), plus 39+ international markets run by master franchisees with no unified corporate payment layer. Hook = group-level cost/auth optimization + local-APM standardization ahead of IPO. HONEST: strong Fiserv 'Carat' incumbent already unifies in-store/app/online = low ICP.	Food Delivery & Q-commerce		Coffee & QSR chain (Dunkin', formerly Dunkin' Donuts), ~14,000+ restaurants across 47 US states + 39 global markets; DD Rewards loyalty + DD Card stored-value app.	Heavily franchised QSR (~100% franchised); corporate earns royalties/franchise fees + supply chain. Digital engine = app with order-ahead, DD Card closed-loop stored-value reload (auto-reload), DD Rewards. Majority of transactions card-present at franchise POS; app reload/checkout is the CNP card-acquiring layer.	Enterprise	US-dominant (47 US states). International via master-franchisees: Middle East ~800 stores across ~8-9 markets; Asia (China, South Korea, Philippines, Thailand, Indonesia, Malaysia, Pakistan, Singapore); plus LATAM/Europe, 39 global markets.	Dunkin' brand HQ Canton, Massachusetts, USA. Parent Inspire Brands HQ Atlanta (Sandy Springs), Georgia.	Dunkin' corporate 1,001-5,000 (LinkedIn). Inspire Brands group employs 100,000s via franchisees; exact corporate headcount Not found.	Private (Inspire Brands / Roark Capital), Inspire acquired Dunkin' Brands for $11.3B in 2020. Confidential IPO filed May 2026.	Dunkin' ~$13.8B system sales FY2024 (US systemwide ~$12.5B). Parent Inspire Brands ~$33.4B global system sales across 6 brands (2025). (system sales, not corporate revenue)	US top traffic country for dunkindonuts.com (global rank ~12,400). Full per-country breakdown behind paywall = Not found.	Fiserv is the confirmed payments/commerce processor [Confirmed]. Inspire Brands expanded Fiserv in 2023 to run in-store, in-app and online commerce on Fiserv 'Carat' across Dunkin', Sonic, Baskin-Robbins. App/gift on CardFree (Fiserv acquired CardFree Sept 2025) + Fiserv Gift/CashStar. Acquiring bank not disclosed.	Effectively YES, incumbent. Fiserv 'Carat' functions as their unified commerce/orchestration layer across in-store, in-app and online. Competing incumbent, not a gap.	No, deliberately CONSOLIDATED to a single processor (Fiserv/Carat) across three brands in 2023. Internationally master-franchisees likely use local processors, no evidence of corporate multi-PSP.	App/online: Apple Pay, Google Pay, Samsung Pay, PayPal, cards; DD Card closed-loop stored-value (reload/auto-reload) is dominant in-app tender; e-gift via CashStar. Venmo not accepted in-app. International local APMs via franchisees (Not found).	2015-2018 DD Perks/app account-takeover attacks led to unauthorized DD Card auto-reload charges; NY AG sued Dunkin' (2019) for failing to notify ~20,000 affected. Ongoing BBB complaints re: app/reload.	Starbucks (in-house stored-value, huge closed wallet), Tim Hortons (RBI), McDonald's/McCafe, Krispy Kreme. Dunkin'/Inspire already on Fiserv Carat.	Inspire Brands confidentially filed for IPO May 8, 2026 (up to $2B raise, ~$20B target valuation). Dunkin' expanding Middle East (Oman 9th ME market). Yasir Anwar hired as Inspire CTO May 2024 (ex-Williams-Sonoma/Macy's/Walmart). Fiserv acquired CardFree Sept 2025.	Insight #1 (reload flow): Pain = DD Card auto-reload is high-frequency micro-payment card-acquiring on a single processor (Fiserv); every declined reload = under-funded loyalty balance + friction at order-ahead conversion. Value = Yuno's +7% approval / 50% decline-recovery layered on the reload flow. Honest read: incremental vs entrenched Fiserv, US-only scope.	Insight #2 (Inspire group-level): One Yuno API across all 6 brands ($33.4B system sales, Dunkin', Sonic, Arby's, Buffalo Wild Wings, Jimmy John's, Baskin-Robbins) gives corporate a routing + benchmarking layer to reduce single-processor dependency and standardize auth-rate reporting ahead of IPO cost scrutiny.	Insight #3 (international): 39 global markets run by master-franchisees mean corporate has no unified visibility or local-APM coverage on international app checkout, Fiserv Carat is US-centric. Yuno = single API to 1,000+ methods across 200+ countries (mada/UAE wallets/UPI-region/LATAM APMs).	Catalyst: Inspire Brands confidential IPO (S-1 May 8, 2026; up to $2B raise, ~$20B valuation) -> pre-IPO margin/cost + payments-efficiency scrutiny. Secondary: Fiserv's Sept 2025 CardFree acquisition = migration window before full Fiserv lock-in.	6	3	Prospecting	Yasir Anwar, Chief Technology Officer Inspire Brands (best tech/modernization buyer).	Jose Paniagua, VP Treasurer Inspire Brands (owns banking/payments/cash).	Scott Murphy, Chief Brand Officer Inspire Brands (former Dunkin' President; brand/digital P&L).	Lead group-level, NOT 'you lack an orchestrator' (they run Fiserv Carat). Angle to CTO/Treasurer: pre-IPO payments cost + auth-rate optimization and single-processor risk reduction across 6 brands, plus standardizing international app checkout with local APMs corporate currently cedes to franchisees. Position Yuno as an optimization/routing + local-method layer alongside Fiserv, not rip-and-replace.	Medium; High on processor (Fiserv confirmed). Low: exact acquiring bank / international app card processor (Not found); L exact corporate headcount; O per-country (paywalled); N corporate revenue vs system-sales split. AA conservative given strong Fiserv incumbent.	No
Sonic Drive-In	https://www.sonicdrivein.com		US-only drive-in QSR (~3,400 locations) already running Fiserv Carat as its omnichannel commerce/payments platform across the Inspire portfolio; no cross-border or multi-processor pain. Weak fit, deprioritize.	Food Delivery & Q-commerce		Drive-in QSR: order-at-stall plus app order-ahead; ~3,400 US locations, majority franchisee-operated (https://en.wikipedia.org/wiki/Sonic_Drive-In).	Franchise-heavy QSR; royalty/system-sales model, operated as a brand subsidiary of Inspire Brands.	Enterprise	United States (US-only; no international)	Brand HQ Oklahoma City, OK; parent Inspire Brands HQ Sandy Springs / Atlanta, GA.	Sonic-brand headcount Not found; parent Inspire Brands 650,000+ system-wide.	Private (Inspire Brands; acquired Sonic 2018 for $2.3B; Inspire backed by Roark Capital).	Sonic system sales ~$5.2B (Wikipedia, low confidence); parent Inspire ~$32.6B system sales / ~$33.4B revenue.	Not found	Fiserv Carat is the confirmed payments/commerce stack across Inspire (in-store/in-app/online, gift, settlement); Sonic explicitly named (https://www.businesswire.com/news/home/20230927953157).	Yes, effectively already orchestrated. Fiserv Carat is Inspire's omnichannel commerce/orchestration layer, expanded portfolio-wide incl. Sonic Sept 2023.	No, consolidation onto a single unified platform (Fiserv Carat) across brands, no second processor found.	Standard US card payments plus app/mobile order-ahead; in-app tipping (2020). No local/alternative APMs beyond US cards/wallets; Apple/Google Pay not explicitly confirmed (Not found).	Not found	Whataburger, Checkers/Rally's, Dairy Queen, In-N-Out, Wendy's, McDonald's. McDonald's uses Adyen; most Sonic peers on Fiserv/Adyen or single acquirers.	US-only growth (first Hawaii planned 2026); key payments event = Fiserv Carat expansion Sept 2023. No international, no payments hires.	Weak Yuno fit: a US-only drive-in chain gets no value from Yuno's core differentiators (200+ countries, local APMs, cross-border). The geographic thesis does not apply.	Payments centralized at Inspire Brands corporate (CFO Kate Jaspon owns commerce strategy). Any decision is a parent-level, portfolio-wide call across 6 brands / 32k+ units; Sonic cannot buy independently.	The 'you have no orchestrator' wedge does not exist: Fiserv Carat already delivers unified omnichannel commerce + consolidated settlement. Yuno would be a rip-and-replace of a fresh (2023) enterprise contract.	No strong catalyst. Carat re-platforming (Sept 2023) is recent and locked. Only theoretical opening = a resilience/auth-rate layer above Carat or international expansion; neither exists today.	4	3	Prospecting	Kate Jaspon, CFO Inspire Brands (quoted on the Fiserv Carat deal).	Yasir Anwar, Chief Technology & AI Acceleration Officer, Inspire Brands.	Andrew Kohn, VP IT for Arby's & Sonic, Inspire Brands (low confidence, data-broker).	Weak-fit. Not a net-new orchestrator play. Only viable angle = a processor-agnostic resilience/auth-rate layer above Fiserv Carat, or future international expansion; neither is live. If ever pursued, sell to Inspire corporate on portfolio-wide payment resilience. Deprioritize.	Medium-high on ownership/structure and Fiserv Carat (Business Wire, PYMNTS, Wikipedia); low on Sonic-specific system-sales, contacts; traffic and Sonic headcount Not found.	No
Jimmy John's	https://www.jimmyjohns.com		US-only sandwich QSR (~2,800 units, 98% franchised) inside Inspire Brands; enterprise payments centralized at the parent (reportedly Fiserv Carat). Domestic-only = little cross-border/global-APM need = weak Yuno fit.	Food Delivery & Q-commerce		US fast-food sandwich franchise chain, ~2,800 locations, ~98% franchised; subsidiary of Inspire Brands (https://en.wikipedia.org/wiki/Jimmy_John's).	Franchise QSR (B2C food): in-store + app + delivery/pickup; ~98% franchised.	Enterprise	United States (primary); small franchised presence Canada, Mexico, South Korea, UAE, El Salvador.	Champaign, Illinois, USA. Parent Inspire Brands HQ Sandy Springs, GA.	Not broken out for Jimmy John's; parent Inspire Brands 650,000+ across all brands.	Private, subsidiary of Inspire Brands (acquired Oct 2019); Inspire backed by Roark Capital.	Not found (private subsidiary; Inspire does not break out JJ). Parent Inspire ~$33.4B revenue across 6 brands.	Not found	No brand-specific PSP verified. Payments run at parent (Inspire) level, reportedly on Fiserv/Carat. No JJ-only processor confirmation.	Reported: Inspire Brands selected Fiserv (Carat) to power commerce/payments across its restaurant family. LOW CONFIDENCE (could not re-verify a live URL). Carat is itself an orchestration/commerce platform.	No / Unknown, payments appear consolidated under one enterprise provider (Fiserv) at parent level; no evidence of brand-level multi-processor.	Not found. App/site typically cards + likely Apple/Google Pay + gift cards, unverified.	Not found	Subway, Jersey Mike's, Firehouse Subs, Potbelly, Which Wich, Panera. Sibling Inspire brands share the same Fiserv umbrella.	Not found (verified 24-mo). Small international franchising exists but no growth push.	Domestic-only footprint = essentially no cross-border acquiring or global local-APM need. Structurally weak fit.	Payments authority at Inspire Brands (enterprise), not the brand; group reportedly already on Fiserv Carat (an orchestration layer). Any Yuno conversation is with Inspire and would be a rip-and-replace, not greenfield.	~98% franchised means the payment stack is dictated top-down by the franchisor/parent tech mandate; brand autonomy to adopt a new orchestrator is minimal.	No strong catalyst. Only theoretical triggers: an Inspire-wide payments RFP / re-platform off Fiserv, or genuine international expansion, neither evidenced.	3	3	Prospecting	Not found (buying authority = Inspire Brands CFO/Treasury, parent level).	Paul J. Brown, CEO Inspire Brands (parent, not brand payments owner).	Not found	Weak-fit. No US-only orchestration angle stands alone; the only path is an enterprise Inspire Brands conversation (multi-brand payments/treasury) as consolidation/optionality vs a single Fiserv dependency, a hard, low-probability displacement.	Medium-low. Ownership/footprint/franchise = high confidence. Revenue, PSP, Fiserv-Carat = LOW (search budget exhausted, source pages didn't load).	No
Arby's	https://www.arbys.com		Weak Yuno fit. ~90%+ US QSR; parent Inspire Brands already runs Fiserv Carat as enterprise commerce+orchestration across North America (since Sept 2023). Orchestration owned at group level, not Arby's. Only conceivable wedge = franchised intl markets (MEA/APAC/LatAm) outside Carat's NA footprint (https://www.pymnts.com/partnerships/2023/dunkin-owner-inspire-brands-expands-fiserv-collab).	Food Delivery & Q-commerce		US QSR chain (roast beef sandwiches/fast food), founded 1964; 3rd-largest US sandwich chain by systemwide sales (https://en.wikipedia.org/wiki/Arby's).	QSR franchise (franchised + company-operated); single brand inside the 6-brand Inspire Brands group. Payments/commerce centralized at Inspire parent.	Enterprise	Overwhelmingly US (incl. PR); small intl estate: Canada, Mexico, Costa Rica, Egypt, Saudi Arabia, Turkey, South Korea, Japan (~6 markets).	Sandy Springs, Georgia, USA.	Arby's ~80,000 (2019, dated). Parent Inspire Brands 650,000+.	Private, brand of Inspire Brands (Roark Capital; Roark acquired 81.5% of Arby's in 2011).	Arby's ~$4.5B US system sales FY2024 (secondary); revenue $3.884B (2019, Wikipedia). Parent Inspire ~$32.6B system sales.	Not found	Inspire Brands uses Fiserv Carat as commerce/payments platform (payments, gift, settlement across NA); adopted/expanded Sept 27, 2023 (https://www.businesswire.com/news/home/20230927953157).	YES, incumbent orchestration in place. Fiserv Carat is a global commerce platform w/ orchestration layer integrating multiple payment options across in-store/in-app/online. Inspire consolidated onto it.	No public evidence of multiple parallel processors, Inspire explicitly consolidated onto Fiserv Carat (single enterprise vendor) in 2023; Carat can route internally.	Not found (specific named APMs). Carat generically enables cards, digital wallets, gift/stored-value across app/web/in-store.	Not found	Subway, Panera (sandwich); Wendy's, McDonald's, Burger King. Orchestration/commerce incumbent for Inspire = Fiserv Carat. Yuno competes head-on with Fiserv.	Inspire group expanding (Dunkin' returning to Canada via Foodtastic, May 2026). Arby's US net -48 units in 2024; intl growth via master-franchise in MEA/Asia.	Orchestration already solved at parent level: Fiserv Carat covers payments, gifting, settlement & reporting across Inspire NA since 2023. Yuno would be displacing an entrenched enterprise incumbent, not filling a gap.	Payment/commerce decisions sit with Inspire Brands group (6 brands, 33,300+ units, ~$32.6B system sales), NOT Arby's brand. Any Yuno motion must beat Fiserv Carat enterprise-wide.	Geography undercuts Yuno's value: Arby's ~90%+ US (card-dominant), Carat is NA. Yuno's 200-country/local-APM edge only matters in the small franchisee-run intl estate.	No imminent catalyst. NA locked by the 2023 Inspire-Fiserv Carat deal. Realistic triggers only: international franchise expansion into APM-heavy markets, or a future Inspire re-platforming / Roark M&A.	4	3	Prospecting	Not found (decision-maker at Inspire Brands group payments/fintech).	Not found	Not found	If pursued: approach Inspire Brands group payments leadership (not Arby's) with a narrow international-markets local-APM wedge (MEA/APAC/LatAm franchise markets outside Carat's NA scope) + acquiring redundancy as a layer on top of Fiserv, never 'you lack an orchestrator'. Low expected yield.	Medium-high on structural facts (parent/Roark, Fiserv Carat, geography, primary-sourced). Low: Arby's headcount (2019), FY2024 system sales (secondary), web traffic (Not found), contacts (Not found).	No
Jack in the Box	https://www.jackinthebox.com		US-only QSR in financial distress (FY25 net loss ~$81M, market cap ~$299M) that just divested Del Taco at a heavy loss; volume is domestic card-present + modest app/delivery, minimal cross-border/local-APM need. Weak Yuno fit.	Food Delivery & Q-commerce		QSR operator/franchisor (Jack in the Box burger chain); ~2,100+ restaurants across 24 US states, Guam and a small franchised Mexico footprint (https://en.wikipedia.org/wiki/Jack_in_the_Box).	Franchise-heavy QSR; revenue from company-operated sales plus royalties, rents, marketing fees. Majority franchised.	Enterprise	United States (domestic; plus Guam and a handful of franchised Mexico units)	San Diego, California, USA.	5,046 employees (FY2025), mostly corporate + company-operated.	Public (NASDAQ: JACK)	Total revenue ~$1.47B FY2025; net loss ~$81M; market cap ~$299M (distressed) (https://stockanalysis.com/stocks/JACK).	Not found	No public evidence of a named PSP/processor. Consumer app accepts cards and very likely Apple/Google Pay + third-party delivery; acquirer/gateway undisclosed.	No public evidence of a payment orchestrator (Not found).	Not found / No public evidence of multiple card-acquiring processors on pay-in.	Not found. Presumably cards + Apple/Google Pay in-app + third-party delivery wallets (DoorDash/Uber Eats/Grubhub), specifics undisclosed.	Not found	Wendy's, Burger King, Sonic, Carl's Jr/Hardee's, Whataburger, Taco Bell, now-independent Del Taco. Few US QSRs use third-party orchestrators.	Divested Del Taco to Yadav Enterprises for $115M (announced Oct 16, 2025; closed Dec 22, 2025) after acquiring for ~$585M in 2022, a large write-down. Mark King Executive Chairman & Interim CEO amid turnaround/refranchising.	US-only footprint (24 states + Guam + a few franchised Mexico units) = essentially no cross-border acquiring or multi-country local-APM problem. Fundamental weak fit.	Financial distress + turnaround mode: FY25 net loss, ~$299M market cap, interim CEO, refranchising. Budget/appetite for new payments infrastructure is low; focus is cost-cutting.	Payments surface mostly card-present in-restaurant + modest app/delivery; no disclosed orchestrator/multi-PSP and no public payment pain, so the opportunity is small/unverified.	Post-Del-Taco turnaround + digital/loyalty (Jack Pack app) under interim-CEO reset is the only thin domestic opening; not a cross-border catalyst.	3	3	Prospecting	Doug Cook, SVP Chief Technology Officer (closest to payments/digital).	Dawn Hooper, EVP Chief Financial Officer.	Jeremy Korzen, SVP Chief Transformation Officer (no dedicated Head of Payments found).	Weak-fit, deprioritize/monitor. If ever engaged, the only angle is domestic processor consolidation + approval-rate/cost optimization on app/delivery digital volume, not Yuno's cross-border/local-APM core.	Medium. Firmographics/financials well-sourced. LOW: payments stack (PSP/APMs/orchestrator undisclosed). NOTE: 'owns Del Taco' premise is outdated (sold Dec 2025).	No
Del Taco	https://www.deltaco.com		US-only Mexican QSR (~595 units, 18 states + Guam); no international footprint = weak fit. Now PRIVATELY held by Yadav Enterprises after Jack in the Box divested it for $115M (Dec 2025), low-budget, transition-distracted, single-currency operator (https://en.wikipedia.org/wiki/Del_Taco).	Food Delivery & Q-commerce		Mexican-style fast-food QSR (drive-thru, mobile order-ahead, third-party delivery).	Franchise + company-operated QSR (majority franchised).	Mid-Market	United States (US-only; + Guam territory)	Lake Forest, California, USA.	~8,000 (2019, dated; current not disclosed).	CORRECTION: parent now Yadav Enterprises (private) since 2025-12-22; formerly Jack in the Box (NASDAQ: JACK) 2022-2025, which sold Del Taco for $115M.	Standalone revenue $513M (FY2019, last as public co). Recent system sales not disclosed (private). Sold for $115M (Dec 2025), far below 2022 acquisition value.	Not found	No public evidence found, processor not disclosed. Digital = 'Del Yeah! Rewards' app + order.deltaco.com + gift cards; underlying processor unnamed.	No public evidence of a payments orchestrator.	No, no public evidence of multiple processors; delivery volume largely settled by 3rd-party marketplaces.	Confirmed: gift cards; app/web order-ahead checkout. Apple/Google Pay likely on mobile but NOT verified. Delivery via 3rd-party marketplaces.	Not found	Taco Bell (Yum!), Chipotle, Qdoba, El Pollo Loco, Jack in the Box, Taco John's. Few US QSR peers run full orchestrators.	Ownership transfer JACK->Yadav Enterprises closed Dec 2025 (only material 24mo event). No verified international expansion or payments hiring.	US-ONLY (18 states + Guam), single-currency domestic footprint: Yuno's core value (200+ countries, cross-border acquiring, local APMs) largely irrelevant.	Newly carved out to a private franchise operator (Yadav) at an ~80% markdown vs 2022 price, a struggling brand with thin capital/appetite for new payments tooling mid-integration.	Digital demand runs through app order-ahead + 3rd-party delivery marketplaces, which already absorb much of the payment complexity, shrinking the wedge to in-app card volume only.	Dec 2025 ownership transfer to Yadav Enterprises = the only plausible (weak) re-platform/tech-review trigger.	3	3	Prospecting	Not found (verify post-Yadav brand leadership).	Not found	Not found	WEAK-FIT. No cross-border/multi-currency need; domestic single-brand QSR. Only theoretical angle = domestic auth-rate + one-integration APM add on app/web card volume, but ROI thin on ~$500M mostly-in-store sales and a cash-constrained new owner. Deprioritize.	Medium on ownership/footprint (2 consistent Wikipedia pages); LOW on payment-stack (PSP not disclosed).	No
Panda Express	https://www.pandaexpress.com		$6B+ system-sales US QSR (~2,500 stores) but US-domestic, digital ordering outsourced to Olo (bundles Olo Pay/Stripe), and international is franchised/licensed, thin orchestration fit (honest).	Food Delivery & Q-commerce		Chinese-American fast-food QSR; largest Asian-segment restaurant chain in the US (https://en.wikipedia.org/wiki/Panda_Express).	Company-operated US restaurants + licensed/franchised international; digital ordering + delivery via Olo; mobile app + Panda Rewards; gift cards.	Enterprise	US (49 states) + PR/Guam, plus ~12 licensed intl markets (Mexico, Canada, South Korea, UAE, Saudi Arabia, Japan, Philippines via Jollibee JV, Germany, Guatemala, El Salvador, Aruba).	Rosemead, California, USA (Panda Restaurant Group).	~48,000 (2024); 55,000+ projected 2026.	Private (Panda Restaurant Group).	~$6.2B system sales 2024 (Panda Express); Forbes 2024 ~$5.9B, #107 largest US private company.	Not found	No public evidence of a named card processor. Digital ordering confirmed on Olo (olo-images CDN on pandaexpress.com; SpotSaaS names Panda Express an Olo client). Olo offers Olo Pay (Stripe) but no public confirmation Panda uses it; gift cards + Panda Rewards live.	No public evidence of a payment orchestrator. Olo is an ordering/delivery platform, not an orchestrator.	No, no public evidence of multi-PSP orchestration. Likely fragmented by channel/geo (in-store POS vs Olo online; licensed international partners run their own payments), not documented.	Confirmed: gift cards + Panda Rewards at checkout. Cards accepted; Apple/Google Pay/PayPal likely via Olo checkout but unconfirmed for Panda.	Not found	Chipotle, Chick-fil-A, Cava, WaBa Grill, CKE (several also Olo clients). Orchestration adopters rare in US QSR.	Net +105 stores 2025; ~102 international licensed (2025); Yokota AB Japan opening Apr 2026; Panda Rewards launched 2023; targeting 2,600+ stores by 2026.	US-domestic QSR: ~2,400 of ~2,500 stores stateside; only ~100 international and all LICENSED/franchised, corporate does not control international payment stacks, so the cross-border consolidation wedge is thin.	Digital channel already outsourced to Olo, which bundles ordering + Olo Pay (Stripe-based), much of the orchestration value a merchant would buy is already handled by the ordering platform.	QSR economics are card-present-heavy in-store; app/online is a minority of sales, so the addressable orchestration TAM is limited vs travel/marketplace/digital-goods merchants.	Catalyst (mild): aggressive unit growth (12 countries, +105 stores/yr, Japan 2026) + 2023 loyalty/digital push, only weak relevance to orchestration.	5	3	Prospecting	David Landsberg, CFO Panda Restaurant Group (verify current tenure).	Not found	Not found	Low-priority. If ever pursued: pitch a unified acquiring / local-APM + orchestration layer as the licensed international footprint scales across 12 markets, plus consolidating in-store POS with the Olo online rail. But Olo already owns online payments and international is franchised, so the wedge is weak.	Medium on corporate facts (Wikipedia/Forbes/QSR); LOW on payments (no processor/orchestrator disclosed, inferred from Olo footprint).	No
Whataburger	https://www.whataburger.com		US-only regional burger QSR with a large Rewards app/digital-ordering channel (Olo-powered) but no cross-border or multi-market payments need; honestly weak fit for Yuno's global value prop.	Food Delivery & Q-commerce		~1,000 restaurants across 16 states (TX/US South + recent Midwest/Southeast); QSR burger chain, order via app/web (Olo) + in-store (https://en.wikipedia.org/wiki/Whataburger).	Mix of company-owned + franchised QSR (126 franchised as of 2019).	Enterprise	United States	San Antonio, Texas, USA.	~50,000 employees (2022).	Private (BDT & MSD Partners / BDT Capital majority since June 2019; Dobson family minority).	$3.34B revenue (2022) at 900+ locations; no newer consolidated figure public.	Not found	No public evidence of a named PSP/acquirer. Digital ordering on Olo (payments vendor not disclosed; Olo Pay not confirmed); loyalty/app on PAR Punchh.	No evidence of a payment orchestrator; US-only single-currency has little orchestration need.	No, no public evidence of multiple processors; likely single domestic acquirer/gateway.	Confirmed: Whataburger gift cards + in-app Rewards (10 pts/$1). Apple/Google Pay likely in-app but UNVERIFIED; no local/alternative APMs (US-only).	Customer complaints of duplicate/multiple charges on app orders, slow refunds, wrong/missing orders (ComplaintsBoard ~599 complaints).	McDonald's, Chick-fil-A, Shake Shack, In-N-Out, Raising Cane's. Orchestration adoption in US domestic QSR limited; most run single domestic acquirer + Olo for digital.	Aggressive US-only expansion 24mo: Nashville (2022), Atlanta metro (2022), North Carolina + first South Carolina (July 2024); Midwest push from 2021. All domestic.	US-only, single-currency, 16-state footprint with zero cross-border or local-APM requirement, Yuno's core value largely does not apply.	Payments effectively domestic card + gift card + app rewards; no orchestrator and no multi-PSP setup means limited need for a routing layer today.	Only realistic wedge is domestic optimization (auth-rate uplift, retry/recovery, duplicate-charge/refund reliability on the high-volume Olo app channel), but incumbent US processors already cover this.	PE ownership (BDT & MSD) + rapid multi-state expansion + heavy Rewards/Olo digital push = growing domestic digital-payments volume; still no international catalyst.	3	3	Prospecting	Not found (target CIO/CTO or VP Digital).	Not found (target CFO).	Not found	Weak-fit. No cross-border/local-APM/orchestration need; if pursued at all, lead narrowly on domestic auth-rate + recovery + duplicate-charge/refund reliability on the Olo-powered app. Deprioritize vs global merchants.	Medium on firmographics (2022, stale); LOW on payments stack (no PSP/APM disclosed).	No
Culver's	https://www.culvers.com		US-only Midwest QSR (~1,000 restaurants, 27 states, no international) with app + MVP Rewards and Apple Pay in-app, genuinely weak Yuno fit: no cross-border acquiring or multi-PSP orchestration need (https://en.wikipedia.org/wiki/Culver's).	Food Delivery & Q-commerce		Fast-food/QSR chain (ButterBurgers & frozen custard); ~1,000 restaurants across 27 US states (Apr 2025), franchise-heavy.	Franchised QSR (majority franchisee-operated) with company-run digital app/rewards; dine-in, drive-thru, CurdSide pickup + DoorDash delivery.	Enterprise	United States (US-only; 27 states, Midwest-centric, no international)	Prairie du Sac, Wisconsin, USA.	Not found (corporate headcount not disclosed).	Private, family-controlled. CORRECTION: Culver family retains MAJORITY control; Roark Capital holds a MINORITY stake (Oct 2017), NOT majority.	~$3.2B annual system sales (Wikipedia). Audited revenue Not found (private).	Not found	No public evidence of a specific PSP/gateway. In-app payments accept Apple Pay (contactless added ~June 2024); no named processor disclosed.	No evidence of a payment orchestrator.	No / Not confirmed, no evidence of multiple processors; single-market US card acquiring typical.	Confirmed: Apple Pay (in-app, ~June 2024), Culver's gift cards, DoorDash as delivery channel. No Google Pay/other wallets confirmed.	Not found	In-N-Out, Freddy's, Shake Shack, Whataburger, Wendy's/McDonald's. Orchestration users among QSR peers not identified.	Reached ~1,000th restaurant Apr 2025 (US franchise expansion); Julie Fussner named CEO Apr 2025 (first female CEO, ex-CMO). No international, no payments hires.	US-only footprint (27 states, zero international) removes Yuno's core value props (200+ countries, local APM coverage, cross-border acquiring), a structurally weak fit.	Domestic single-market card acquiring + Apple Pay is well-served by a standard US processor; no evidence of the multi-PSP fragmentation or auth-rate/recovery pain that justifies an orchestrator.	Franchise-heavy model means payments decisions are often fragmented/POS-vendor-driven at the store level, not centralized, diluting an enterprise orchestration sale.	Catalyst (weak): new CEO Julie Fussner (Apr 2025) + 1,000-unit milestone could spark digital/loyalty investment, but not global payments orchestration.	3	3	Prospecting	Julie Fussner, President & CEO (ex-CMO), Culver Franchising System LLC.	Not found	Not found	Weak-fit. Only plausible (thin) angle = digital/app + loyalty monetization and US checkout optimization; NOT global orchestration. Deprioritize until a US-domestic or international-expansion signal appears.	Low confidence, private company; PSP entirely 'no public evidence found'; employee count and traffic Not found. CORRECTION: Roark is minority, not majority.	No
Zaxby's	https://www.zaxbys.com		US-only Southeast chicken QSR (~991 units, ~20 states), single-country/single-currency (USD). Yuno's core value barely applies; digital ordering already runs on Olo which bundles payments. Only theoretical angle = domestic auth-rate/retry uplift.	Food Delivery & Q-commerce		QSR chicken chain (fingerz, wings, sandwiches, salads, 12 sauces); founded 1990 Statesboro GA; mostly franchised + some company-operated (https://en.wikipedia.org/wiki/Zaxby's).	Franchise QSR (majority franchised + company-operated); Zax Rewardz app loyalty; retail CPG sauces at Walmart/Amazon (2024).	Enterprise	United States only (no international; global.zaxbys.com is a splash/country selector with no other live markets)	Athens, Georgia, USA.	~10K+ (corporate + company-operated, ZoomInfo estimate); precise system headcount Not found.	Private (Goldman Sachs Merchant Banking minority stake 2020).	System-wide sales ~$2.4B 2022, ~$2.52B 2023, ~$2.70B 2024 (secondary press estimates; private co).	Not found	No public evidence of a named card processor. Digital ordering + payments run on Olo ('Olo Portal for Zaxby's'). Olo offers Olo Pay (Stripe) but Zaxby's PSP not disclosed.	No payments orchestrator. Olo is a digital-ordering/commerce platform, not a Yuno-style orchestration layer.	No, no public evidence of multiple processors. Likely single processor per channel (Olo/Olo Pay digital; single undisclosed in-store acquirer).	Not confirmed. App/Olo web typically Apple/Google Pay + gift cards + Zax Rewardz stored value, not independently verified.	Not found	Chick-fil-A, Raising Cane's, Bojangles, Popeyes, Church's, KFC, Wingstop. Orchestration relevance low in US QSR.	Domestic-only momentum: ~900 (2022) to ~970+ units (2025); Bernard Acoca CEO 2022; sauce retail rollout 2024. No international, no announced payments initiative.	US-only, single-currency (USD), ~20 Southeast states. Zero cross-border acquiring or local-APM-by-market need, the heart of Yuno's value, so the primary ICP driver is absent.	Digital ordering and payments already consolidated on Olo (can abstract processing via Olo Pay/Stripe). Little orchestration gap for a third party on the digital channel.	Predominantly franchised + PE (Goldman minority 2020) with domestic-growth focus; no central 'Head of Payments' org publicly identifiable, decisions split between corporate and franchisees.	Weak catalyst: new-CEO digital/loyalty push + PE ownership signal investment, but no international expansion, MoR exit, or multi-processor pain that would create a Yuno trigger.	3	3	Prospecting	Bernard Acoca, CEO (2022).	Zach McLeroy, Co-founder & Chairman (former CEO).	Not found	Weak-fit / deprioritize. If ever engaged, the only credible angle is domestic payment performance (+7% approval, 50% recovery) across Olo digital + in-store, but Olo Pay coverage and single-market scope make upside marginal.	Medium on firmographics; low on payments (PSP undisclosed, APMs unverified) and system-sales (secondary estimates).	No
Bojangles	https://www.bojangles.com		US-only Southeast QSR (884 units, 22 states + 1 Honduras franchise). Single-country, card-present drive-thru-heavy footprint = weak fit for Yuno's cross-border/global value prop.	Food Delivery & Q-commerce		Fast-food QSR (fried chicken, biscuits, sweet tea); 884 restaurants across 22 US states plus a franchise in Honduras (https://en.wikipedia.org/wiki/Bojangles_(restaurant)).	QSR, mix of company-operated and franchised; dine-in, drive-thru, delivery, mobile app/online ordering.	Enterprise	United States (plus one international franchise market, Honduras)	Charlotte, North Carolina, USA.	~9,900 employees (2021, dated).	Private (Durational Capital Management + The Jordan Company since Jan 2019).	Revenue US$547M (2021); recent revenue/system-sales Not found.	Not found	No public evidence found, payment processor for app and in-store checkout not disclosed.	No public evidence found; no orchestrator; unlikely for a single-country QSR.	No / Not found, no evidence of multiple processors; a US-only QSR typically runs a single acquirer/gateway.	Not found, cards and Bojangles gift cards presumed; mobile-app ordering exists; digital wallets plausible but unverified.	Not found	Chick-fil-A, Popeyes, KFC, Zaxby's, Raising Cane's, Church's, Cook Out. Orchestration adoption among domestic-only QSR peers uncommon.	Announced US expansion into Arizona, California, Kansas, Missouri, New York, Oklahoma; all domestic. Specific hires (24mo): Not found.	US-only (22 states + a single Honduras franchise), no cross-border or multi-currency need, so Yuno's core 200+ country / local-APM value prop does not apply.	Revenue drive-thru/card-present dominant with limited online/cross-border volume; orchestration ROI thin for this profile.	PE-owned since Jan 2019; ex-McDonald's leadership (Jose Armario) drives cost/ops discipline but no international mandate to trigger orchestration.	Only plausible catalyst is a domestic digital/app + rewards push or a PE-era margin drive opening a US payment-cost/auth-rate conversation, not a global-orchestration trigger.	3	3	Prospecting	Jose Armario, CEO (joined Jan 2019, ex-McDonald's) (low confidence, may be dated).	Brian Unger, COO (ex-McDonald's) (low confidence).	Jackie Woodward, CMO (no verified Head of Payments/Digital found).	Weak-fit. If ever pursued, the only viable angle is domestic payment-cost/auth-rate optimization on the app + drive-thru (single-market), NOT global orchestration.	Low, financials/headcount 2021-era; no verified PSP/orchestrator; exec contacts may be stale.	No
Five Guys	https://www.fiveguys.com		Private US burger chain, ~$2.3B (2023), 1,700+ stores across 28+ countries; direct app/web ordering live in ~24 markets with no visible orchestrator = multi-market digital-checkout consolidation wedge (https://en.wikipedia.org/wiki/Five_Guys).	Food Delivery & Q-commerce		Quick-service burger chain (burgers, hot dogs, fresh-cut fries); company-owned + franchised, US + genuinely international footprint.	QSR: company-owned + franchise / master-franchise. Revenue = in-store card-present POS + direct digital ordering (app + order.fiveguys.com) + marketplace delivery + gift cards.	Enterprise	US + ~27 intl markets via fiveguys.com region selector: UK, Ireland, France, Germany, Spain, Italy, Netherlands, Belgium, Luxembourg, Austria, Switzerland, Sweden, Denmark, Czechia; Middle East (UAE, Saudi, Qatar, Bahrain, Kuwait); Asia (China, Hong Kong, Macau, Singapore, Malaysia, South Korea); Canada; Australia.	Alexandria, Virginia, USA (relocated 2023).	~5,000 (2021, Wikipedia; likely corporate/US-owned figure only).	Private (Murrell family).	~$2.347B revenue/system sales, 2023.	Not found	No public evidence found, payment processor/gateway not disclosed on fiveguys.com, fiveguys.co.uk, or order.fiveguys.com (SPA, 403).	No public evidence of a payment orchestrator.	No public evidence of a specific processor count. Franchise + regional holding structure (Amsterdam FGE/FGO International BV; Bermuda FGH International C.V.) implies payments likely fragmented per market/franchisee, undisclosed.	Not publicly confirmed. Verified digital channels: mobile app, web ordering, gift cards; delivery via Uber Eats, Deliveroo, Just Eat (marketplace-processed). Apple/Google Pay/local APMs not publicly confirmed.	Not found	Shake Shack, McDonald's, Burger King (RBI), Wendy's, In-N-Out. Orchestration adoption among global QSR peers emerging but not verified.	Ongoing international expansion, South Korea (2023), Denmark/Copenhagen planned 2025, continued Middle East/Asia/Europe growth. Specific payments/digital hires 24mo: Not found.	Direct digital ordering (app + order.fiveguys.com) is live in ~24 countries, yet no public evidence of local acquiring or market-specific APMs (iDEAL NL, Bancontact BE, SEPA, mada Gulf, Alipay/WeChat China/HK/Macau). A single orchestration layer could add per-market local methods + wallets and lift approval on cross-border digital orders.	Franchise + master-franchise model with dedicated intl holding entities (Amsterdam/Bermuda) means the payment stack is almost certainly fragmented across markets and franchisees, and the buying center is split, an orchestrator both consolidates and reduces per-market integration cost, but the deal must target the central/European digital team.	Most transaction volume is in-store card-present POS, and delivery GMV runs through Uber Eats/Deliveroo/Just Eat (own payments). Yuno's addressable volume is limited to the direct app/web ordering channel, the real wedge but a minority of GMV.	Continued market entries (South Korea 2023, Denmark 2025, ongoing Gulf/Asia) plus growth of direct app ordering, each new country adds another local-payments integration an orchestrator removes.	8	3	Prospecting	Not found (target VP/Head of Digital or Payments, Five Guys corporate, Alexandria VA).	Not found (target Digital/E-commerce lead, Five Guys Europe / FGE International, Amsterdam).	Not found	Lead on unifying the direct digital-ordering channel across 24+ markets: one API for local acquiring + market APMs/wallets (iDEAL, Bancontact, SEPA, mada, Alipay/WeChat, Apple/Google Pay) to lift approval and cut per-market integration cost as they keep opening countries. Acknowledge the franchise structure and target the central/European digital team; do not pitch as a POS or delivery-marketplace replacement.	Medium on footprint, ownership, revenue. Low on payment stack, orchestrator, processor count, contacts (none disclosed, search budget exhausted).	No
Krispy Kreme	https://www.krispykreme.com		Genuinely global doughnut chain (~40 countries) with equity-owned e-commerce in UK/Ireland, Australia/NZ, Mexico, Japan + app/web ordering, DoorDash delivery and DFD grocery; no public payment orchestrator; local-acquiring/APM and approval-recovery upside, but tempered by 2025 financial distress.	Food Delivery & Q-commerce		QSR doughnut chain; omnichannel: ~1,400 retail shops, wholesale 'Delivered Fresh Daily' to ~14,000 access points, e-commerce/app ordering + third-party delivery (https://stockanalysis.com/stocks/DNUT).	Omnichannel QSR/food retail, company-owned + franchised shops, DFD wholesale to grocery/convenience, direct e-commerce/app ordering, third-party delivery marketplaces.	Enterprise	~40 countries: US, Canada, UK/Ireland, Australia/NZ, Mexico, Japan, Brazil, France, Spain, Middle East (KSA, UAE, Qatar, Kuwait, Bahrain, Jordan, Lebanon), LATAM (Guatemala, Costa Rica, Panama, Dominican Rep., Chile), Asia (S. Korea, Malaysia, Thailand, Indonesia, Philippines, Singapore, India), + Uzbekistan (2025), Estonia (planned 2026).	Charlotte, North Carolina, USA.	~17,000 (stockanalysis.com, 2026 ttm); 21,000 as of Dec 2024 (Wikipedia).	Public (NASDAQ: DNUT)	FY2024 revenue $1,665M (US $1,059M / International $519M / Market Dev $88M); FY2023 $1,686M. TTM ~$1.51B, -5.2% YoY; mkt cap ~$563M (Jul 2026).	Not found	No public evidence found of a named PSP/gateway. Own app + web checkout exist; heavy in-store card-present, and third-party delivery (DoorDash/Uber Eats) process on their own rails. BuiltWith inconclusive.	No public evidence of a payment orchestrator.	Likely Yes by structure, NOT publicly confirmed, international is run via equity JVs + local franchisees (KK Mexico, KK Brasil, UK/Ireland, Japan), each with local acquiring; no consolidated processor list published.	Not confirmed publicly. Likely Apple/Google Pay + local cards/wallets per market, no verifiable source (Not found).	Not found	Dunkin', Tim Hortons, Starbucks, Domino's, McDonald's/McCafe. Global QSR/food-delivery peers increasingly adopt orchestration; no specific orchestration-user named for KK.	Expansion: France (Dec 2023), Brazil (Apr 2025), Uzbekistan (Nov 2025), Estonia (2026), Costa Rica. Retrenchment: McDonald's partnership terminated Jun 2025 ('unsustainable operating costs'); hub-and-spoke DFD rationalization; new Global CIO Angela Yochem.	Multi-market local acquiring/APMs: equity-owned digital markets (UK/Ireland, Australia/NZ, Mexico, Japan, Canada) plus greenfield entries (Brazil, France) each need local acquiring + local APMs (Pix Brazil, OXXO/SPEI Mexico, PayNow Singapore, GCC wallets), a single orchestration layer adds methods + lifts approval per market without per-market PSP builds.	International is franchise-heavy (VP International Franchise; country presidents Mexico/Brazil), so payments are fragmented across market operators. The realistic wedge is consolidating the equity-owned/company-operated markets under one API, not a global corporate mandate.	2025 financial distress (TTM rev -5.2%, mkt cap ~$563M, McDonald's exit, aggressive cost cuts) means only a cost/margin message lands: fewer PSP integrations, +7% approval, 50% recovery = efficiency play, but budget and deal timing are a genuine risk.	2025 turnaround/cost-cutting mode + new Global CIO (Angela Yochem) modernizing the tech stack, alongside continued greenfield international launches (Brazil, Uzbekistan, Estonia) that need local payment setup, dual catalyst of efficiency mandate and new-market enablement.	8	2	Prospecting	Angela Yochem, Global Chief Information Officer (owns tech-stack modernization).	Raphael Duvivier, CFO (cost-reduction / margin owner).	Gautam Joshi, VP International Franchise Business (owns fragmented international market/payment operations).	Lead with cost + approval recovery for a company in turnaround: one API to unify acquiring across equity-owned markets (UK, AU, MX, JP) and light up local APMs in new launches (Pix Brazil, OXXO/SPEI Mexico), +7% approval and 50% recovery framed as margin/efficiency, not growth spend. Route via CIO (Yochem) + CFO (Duvivier).	Medium. HIGH: footprint, financials, leadership. LOW: PSP/gateway (no public evidence), APMs (not confirmed), multi-processor (inferred from franchise structure), traffic (not pulled).	No
CAVA	https://www.cava.com		US-only Mediterranean fast-casual (NYSE: CAVA) growing fast on a proprietary digital-ordering/app stack, but 100% domestic, USD-only, so Yuno's cross-border/global-APM value is largely muted. Weak fit despite the growth story.	Food Delivery & Q-commerce		Mediterranean fast-casual (bowls/pitas) + retail CPG dips & spreads; all locations company-owned, no franchising (https://en.wikipedia.org/wiki/Cava_(restaurant)).	Company-owned restaurant operator (dine-in + digital/app ordering, delivery, curbside) with a small retail CPG grocery line.	Enterprise	United States	Washington, D.C., USA (founded Rockville, MD 2006).	~12,900 employees (FY2025, stockanalysis.com); ~11,000 (2024, Wikipedia).	Public (NYSE: CAVA), IPO June 15, 2023, raised ~$318M.	FY2025 revenue $1.18B (+22.4% YoY); FY2024 $963.7M; TTM ~$1.29B. Net income FY2025 $63.7M.	Not found	No named PSP publicly disclosed. App accepts Apple Pay, linked credit/debit cards, guest checkout, 'OneTap' payments; CAVA runs a proprietary microservices platform for digital ordering.	No evidence of a payment orchestrator.	No, no public evidence of multiple processors; single/undisclosed domestic acquiring, US card-centric.	Confirmed: Apple Pay, credit/debit cards (linked in app), guest checkout, 'OneTap' one-tap pay; CAVA Rewards. No non-US/local APMs (US-only).	Not found	Chipotle, Sweetgreen. Chipotle/Sweetgreen-type US chains are card-centric domestically; orchestration adoption in US fast-casual limited.	Aggressive US unit expansion: 382 (2025) -> 459 (Apr 2026); heavy digital/app + 'connected kitchen'/AI tech investment post-IPO; no announced international expansion.	100% US, USD-only, no cross-border or international footprint, Yuno's flagship value (1,000+ methods, 200+ countries, local APMs) is structurally not needed here. This is the disqualifier.	CAVA already built its own proprietary microservices digital-ordering backend and controls its app payment UX, a build-not-buy tech culture that resists third-party orchestration.	Only conceivable domestic angle is auth-rate/approval optimization, PSP resilience, and adding US wallets/BNPL (PayPal, Venmo, Afterpay) as digital order mix scales, a narrow, non-core wedge.	Catalyst: rapid unit growth (382->459) + rising digital/app order mix scaling US card volume, but domestic-only, so it doesn't create orchestration urgency.	3	3	Prospecting	Brett Schulman, CEO & Co-founder.	Tricia Tolivar, CFO (joined 2020, ex-GNC CFO).	Ted Xenohristos, Co-founder & Chief Concept Officer.	Weak-fit / de-prioritize. No global or multi-PSP orchestration need (US-only, USD-only, proprietary stack). If ever engaged, keep it narrow: US approval-rate lift + wallet/BNPL breadth as digital scales, not the cross-border pitch.	Medium overall, high on firmographics/financials, LOW on payment stack (no PSP named).	No
Sweetgreen	https://www.sweetgreen.com		Highly digital fast-casual (FY24: 56% total digital / 30% owned app+web of $677M revenue) but 100% US-only, single-currency (USD) footprint = weak fit for Yuno's cross-border, multi-country/multi-method orchestration value prop.	Food Delivery & Q-commerce		US healthy fast-casual (salads, warm grain bowls); 251 stores across 24 states + DC (https://en.wikipedia.org/wiki/Sweetgreen).	B2C fast-casual / QSR; omnichannel = in-store + owned digital (app + order.sweetgreen.com) + third-party marketplace delivery; SweetPass paid loyalty subscription.	Enterprise	United States (US-only)	Los Angeles, California, USA.	~6,186 (2024) / ~6,486 (stockanalysis.com).	Public (NYSE: SG)	$677M revenue FY2024 (TTM ~$675M); net loss ~$90M FY24; ~$134M FY25.	Not found (digital proxy: 30% owned-digital + 56% total-digital revenue mix FY2024).	No public evidence found of a named PSP/gateway. Owned digital checkout at order.sweetgreen.com (card + Apple/Google Pay in app); SweetPass recurring subscription billing; delivery payments handled by DoorDash/Uber Eats/Grubhub.	No public evidence of a payment orchestrator.	No, no public evidence of multiple processors. Likely single domestic acquirer for owned channel; third-party marketplaces run their own payments.	Apple Pay & Google Pay (app / Uber Eats checkout), credit/debit cards, gift cards; USD only. No local/international APMs, the core reason fit is weak.	App billing complaints: duplicate/incorrect charges from app glitches, unauthorized SweetPass subscription charges, refund/cancellation friction; BBB complaints active.	CAVA, Chipotle, Just Salad, Chopt, Panera. Orchestration relevance low, all US-centric.	US store expansion + robotic 'Infinite Kitchen' automation; new CFO Jamie McConnell (ex-Chipotle, Sep 2025); CTO Wouleta Ayele modernizing digital infra. No international expansion announced.	US-only: operates only in 24 states + DC with no international presence, so Yuno's 200+ country / 1,000+ method cross-border proposition largely does not apply.	Payments single-market, single-currency (USD). Owned digital is only ~30% of revenue; the 56% 'total digital' includes third-party marketplaces that run their own stacks, so addressable orchestration volume is a fraction of GMV.	New CTO + new ex-Chipotle CFO could open a purely domestic checkout/auth-rate/PSP-redundancy conversation, but that is a gateway play, Yuno's core differentiation (multi-country, multi-PSP routing, local APMs) is muted.	Leadership refresh (CFO Sep 2025; CTO) + digital-infra modernization + Infinite Kitchen automation, against ongoing unprofitability = cost-scrutiny lens.	4	3	Prospecting	Wouleta Ayele, Chief Technology Officer (owns digital/checkout platform).	Jamie McConnell, CFO (ex-Chipotle, Sep 2025).	Not found	Weak-fit. Only viable angle is domestic: owned app/web checkout & auth-rate optimization, PSP redundancy, and SweetPass subscription-recovery, NOT the global-orchestration story. Deprioritize vs multi-country ICPs.	Medium-high on firmographics/financials; LOW on payment stack (no named PSP or orchestrator disclosed).	No
Panera Bread	https://www.panerabread.com		Weak core fit (US/Canada-only, no cross-border). One real hook = recurring-billing/involuntary-churn recovery on the Unlimited Sip Club coffee subscription (auto-renew, failed-card renewals, cancel-friction class action). Narrow, not an orchestration-breadth play.	Food Delivery & Q-commerce		US fast-casual bakery-cafe chain; ~70M MyPanera loyalty members + Unlimited Sip Club drink SUBSCRIPTION (recurring) + app/delivery (https://en.wikipedia.org/wiki/Panera_Bread).	B2C fast-casual bakery-cafe; company-owned + franchised cafes; app + delivery + auto-renewing coffee/drink subscription (recurring billing).	Enterprise	United States (also Canada)	Fenton, Missouri, USA.	~140,000 employees.	Private (JAB Holding via Panera Brands; acquired Jul 2017 for $7.5B).	$6.456B revenue FY2023; Sip Club at peak ~25% of transactions.	Web traffic Not found. Engagement proxy: ~70M MyPanera loyalty members.	No public evidence found. App/web checkout + Sip Club auto-renew recurring billing exist but the underlying PSP/gateway is not disclosed.	No public evidence of a payment orchestrator, Not found.	Not found / no public evidence. Single-country (US+CA) domestic ops make a single domestic acquirer most likely, unconfirmed.	Not found / not publicly confirmed. App accepts cards + Panera gift cards + MyPanera; mobile-wallet/APM specifics unconfirmed.	Real subscription/billing complaints: charged after canceling + unclear cancel flow (Reddit); class action Lee v. Panera Bread over auto-renew practices + misleading 'Unlimited' claim; Aug 2025 change capped Sip Club at 30 drinks/mo.	Starbucks, Dunkin', Chipotle, Sweetgreen (Sweetpass subscription), McDonald's. Panera itself is domestic-only.	Confidential IPO filing Dec 2023; new CEO Paul Carbone Apr 2025; new CFO Earl Ellis Oct 2025; 'New Era' menu overhaul Apr 2024; par-baked model shift + layoffs 2025.	SUBSCRIPTION ANGLE: Unlimited Sip Club is a genuine auto-renewing subscription ($14.99/mo or $119.99/yr). Two churn vectors Yuno can address: (1) involuntary churn from failed/expired-card renewals, Yuno's smart retries/dunning + ~50% failed-payment recovery; (2) voluntary churn/legal exposure around cancellation. Even small recovery uplift on a base that was ~25% of transactions = meaningful recurring revenue protected pre-IPO.	HONEST DISQUALIFIER: US/Canada-only. Yuno's core value (200+ countries, 1,000+ local methods, cross-border acquiring) does not apply. No multi-market processor sprawl; they most likely run a single domestic stack. Fit confined to the subscription-billing slice.	Scale makes the narrow slice non-trivial (~70M MyPanera members, 2,178 cafes, Sip Club once ~25% of transactions), but any deal would hinge on billing optimization/retention economics, not orchestration breadth.	Catalyst: confidential IPO on file (Dec 2023) + new CEO (Apr 2025) & CFO (Oct 2025) scrutinizing unit economics + Sip Club price hikes/drink caps + auto-renew class action = pressure to defend recurring-subscription revenue.	5	3	Prospecting	Paul Carbone, CEO Panera Brands (since Apr 2025).	Earl Ellis, CFO Panera (appointed Oct 2025).	Ronald M. Shaich, Founder & Chairman. No public payments/digital leader identified (Not found).	Lead narrow and honest: NOT global orchestration. Pitch subscription-billing optimization + involuntary-churn recovery (smart retries/dunning, ~50% recovery) to protect Sip Club recurring revenue and reduce cancel-related friction/exposure ahead of a potential IPO. Anchor to CFO, not the cross-border story.	Medium on firmographics. LOW on PSP/gateway (no public evidence), APMs (unconfirmed), orchestrator (Not found), class-action docket (search snippets).	No
Shake Shack	https://www.shakeshack.com		Better-burger fast-casual (NYSE: SHAK) scaling US digital (app/kiosk/delivery) + aggressive licensed international growth under new ex-Papa John's CEO; but every intl market is licensed, so local acquiring sits with the licensee, not HQ.	Food Delivery & Q-commerce		Fast-casual burger operator; company-operated US Shacks + domestic & international licensed Shacks (royalty model) (https://stockanalysis.com/stocks/SHAK/).	Hybrid restaurant operator + licensing/franchise. ~96% of revenue = company-operated Shack sales; remainder = royalties + territory/opening fees.	Enterprise	HQ USA; operates US + 19 intl countries (all licensed): UAE, Bahrain, Canada, China, Hong Kong, Israel, Japan, South Korea, Kuwait, Malaysia, Mexico, Oman, Philippines, Qatar, Saudi Arabia, Singapore, Thailand, Turkey, UK.	New York City, New York, USA.	13,873 employees (stockanalysis.com, 2025).	Public (NYSE: SHAK); IPO Jan 2015; mkt cap ~$2.63B Jul 2026.	FY2025 total revenue $1.445B (+15.4%); Shack sales $1.391B + royalties $51.5M. Q1 2026 system-wide sales $558.3M (+14.1%).	Not found	No public evidence found of a named card processor/gateway. Olo lists competitor Five Guys but NOT Shake Shack (https://www.olo.com/customers).	No public evidence of a payment orchestrator. Structurally, the 19 intl markets run local acquiring via licensees, not Shake Shack corporate (inferred).	Yes at a system level (each international licensee uses its own local acquirer/PSP per market; plus separate US card-present vs digital rails), but NOT centrally controlled by HQ; no public evidence Shake Shack corporate runs multiple PSPs (inference).	Not found (no confirmed APM list; app/kiosk almost certainly accept card + Apple/Google Pay per standard QSR practice, unverified).	Not found	Five Guys, In-N-Out, Smashburger, The Habit, Wendy's/BK. Five Guys is a named Olo customer.	New CEO Rob Lynch (ex-Papa John's, May 2024); new CIO/CTO Justin Mennen. Aggressive unit growth: Q1 2026 opened 17 company + 5 licensed Shacks; FY2026 guidance Adj EBITDA $225-235M.	The genuinely multi-market footprint (19 intl countries) is 100% LICENSED, so local acquiring/APMs are handled by the licensees, not Shake Shack HQ. This caps HQ's need for a cross-border orchestrator and means the payment buyer for growth markets is the licensee, not corporate. Single biggest drag on Yuno fit.	~96% of corporate revenue is US company-operated, card-present-dominant (in-store + self-order kiosk), where acquiring, not online orchestration, dominates. The orchestration-relevant slice is only the growing US digital channel.	New leadership (CEO Rob Lynch + CIO Justin Mennen) + heavy kiosk/digital and international licensing push = a tech-stack-review window. Realistic wedge is narrow: unify the US digital channel on one API, then offer HQ a standardized payments layer it could extend to licensees as it scales.	Leadership turnover (new CEO May 2024 + new CIO/CTO) driving digital transformation, kiosk rollout, and accelerated international licensing, a stack-review opening.	6	3	Prospecting	Justin Mennen, Chief Information & Technology Officer (primary tech/payments decision-maker for app, web, kiosk, digital ordering).	Andrew McCaughan, Chief Development Officer (owns unit growth + international licensing; relevant for a licensee-payments-layer pitch).	CFO, VERIFY NAME (theorg listed 'Michelle Hook' likely inaccurate = Portillo's CFO; commonly reported Shake Shack CFO is Katherine 'Katie' Fogertey). Rob Lynch = CEO.	Do NOT lead with 'you need a global orchestrator' (their international is licensed). Lead with: (1) unify the growing US digital channel (app/web/kiosk/delivery) on one API for +approval and one integration; (2) position Yuno as a standardized global payments layer HQ can extend to international licensees as it scales, giving corporate cross-market visibility, consistent local APMs, and consolidated economics.	MEDIUM. Low/Not-found: store-count breakdown (stale), CFO name unverified, PSP/APMs (no public evidence), web/app traffic (Not found), only Q1 2026 system-wide sales verified.	No
Portillo's	https://www.portillos.com		Weak Yuno fit: 100% US-domestic fast-casual (NASDAQ: PTLO); single-currency USD, digital ordering fully outsourced to Olo, no cross-border/multi-PSP need. Only latent angle is a future US auth-rate/processor-independence layer or international franchising, neither active.	Food Delivery & Q-commerce		Chicago-style fast-casual (hot dogs, Italian beef, burgers, cakes); dine-in + drive-thru + app/web/3rd-party delivery + ghost kitchen (https://stockanalysis.com/stocks/ptlo/).	B2C restaurant / QSR fast-casual; in-store + digital ordering (app, web) + third-party delivery.	Mid-Market	United States	Oak Brook, Illinois, USA.	~7,890 employees.	Public (NASDAQ: PTLO)	$732.07M FY2025 revenue; ~$354M market cap; was $517M FY2021.	Not found	No confirmed named processor. Digital ordering runs on Olo (Ordering, Serve, Rails, Switchboard) per Olo case study. Payments almost certainly via Olo Pay (Stripe rails) but Portillo's NOT explicitly named, No public evidence found confirming the specific processor.	No payment orchestrator. Olo Rails/Switchboard aggregate delivery/order channels, not PSPs.	No, no evidence of multiple payment processors; single USD domestic acquiring likely via Olo Pay/one processor plus third-party delivery marketplaces.	Not confirmed. Likely Apple/Google Pay in-app + gift cards + cards (typical Olo checkout); no verified public source naming APMs, Not found.	Not found	Shake Shack, Culver's, Raising Cane's, Chipotle, Chicago-style QSRs. Domestic fast-casual peers largely do NOT use orchestrators.	Ongoing US-only expansion (Sunbelt/Texas, San Antonio 2026; Georgia 2025; breakfast trial 2025). Leadership churn: CIO Keith Correia hired Apr 2024; CEO Michael Osanloo departed Sept 2025, Michael Miles Jr. interim CEO.	US-only footprint (~107 locations across ~11 states), no international/cross-border payments, the core of Yuno's value; structurally weak fit.	Digital payments outsourced to Olo (and its Stripe-backed Olo Pay), so Portillo's has little in-house payment stack to orchestrate and low switching autonomy.	Single-currency USD domestic operations mean none of Yuno's differentiators (1,000+ methods, 200+ countries, local-APM coverage, cross-border approval) map to Portillo's model.	Weak catalyst: new CIO (Apr 2024) + interim-CEO transition (Sept 2025) driving digital/tech review, plus unit growth, but no international or multi-PSP trigger.	3	3	Prospecting	Keith Correia, Chief Information Officer (joined Apr 2024, ex-Steak 'n Shake).	Tony Darden, Chief Operating Officer.	Michael Miles Jr., Interim CEO / Board Chair (permanent CEO search underway).	Weak-fit. No genuine orchestration need today. Best (soft) angle if pursued: US processor-independence / auth-rate optimization layer above Olo Pay, or future-proofing for international franchising, but deprioritize vs multi-country ICPs.	Medium-low; processor identity and APM specifics low-confidence/inferred (Olo Pay/Stripe not explicitly confirmed); financials & footprint high-confidence.	No
Dutch Bros	https://www.dutchbros.com		US-only drive-thru coffee chain (NYSE: BROS); Dutch Rewards app adds mobile order & pay + 'Charge Up' prepaid reload = a growing DOMESTIC card-acquiring surface, but 100% US footprint (25 states, single currency) means no cross-border / local-APM / multi-PSP orchestration need. Weak fit, score low.	Food Delivery & Q-commerce		US drive-thru & walk-up coffee chain (Dutch Bros brand + Blue Rebel energy); 1,177 locations across 25 states as of Mar 2026 (investors.dutchbros.com).	Company-operated + franchised drive-thru/walk-up coffee stands; Dutch Rewards loyalty app with mobile order-ahead & pay and prepaid 'Dutch Pass' reload.	Enterprise	United States	Tempe, Arizona, USA (relocated from Grants Pass, Oregon, June 2025).	~32,000 employees (Dec 31, 2025, +23% YoY).	Public (NYSE: BROS)	$1.64B revenue FY2025 (+27.9% YoY vs $1.28B FY2024).	Not found (revenue is physical drive-thru + app, not e-commerce web checkout).	Dutch Rewards app supports mobile order-ahead & pay plus 'Charge Up' reload; accepts all major cards, Apple Pay, Apple Cash, Samsung Pay, Google Pay, PayPal, gift cards; split payment across cards (https://dutchbros.com/rewards). Underlying PSP/acquirer NOT disclosed, No public evidence found.	No public evidence of a payment orchestrator.	No, no public evidence of multiple processors. App aggregates several wallets/APMs but these are payment methods, not processors; underlying acquirer undisclosed.	Cards (all major), Apple Pay, Apple Cash, Samsung Pay, Google Pay, PayPal, gift cards, prepaid Dutch Pass balance, cash in-store.	Not found	Starbucks (app/reload benchmark), Dunkin', 7 Brew, Scooter's Coffee, Caribou. Most peers run in-house single-country stacks.	Aggressive US store growth: 1,000th shop Feb 2025; 1,177 locations across 25 states by Mar 2026; acquired Clutch Coffee Bar (~20 shops) Jan 2026; HQ to Tempe AZ Jun 2025; national mobile order & pay 2024-25 under CTIO Venki Krishnababu.	US-ONLY (25 states, all domestic USD): Yuno's core value (cross-border acquiring, 1,000+ local APMs across 200+ countries) is largely irrelevant; no multi-country routing or local-method-coverage problem.	Revenue is drive-thru/physical-dominated; the only CNP/acquiring flow is the Dutch Rewards app (mobile order & pay + Charge Up reload), domestic-only, a narrow single-market orchestration surface.	The app already aggregates wallets natively; in a single-market, single-currency environment an orchestrator adds little. Any upside is domestic auth-rate / processing-cost optimization on app CNP volume.	Catalyst = scaling app-driven digital orders + national mobile order & pay rollout (2024-25) + prepaid reload growth = rising domestic CNP volume; NO international/cross-border catalyst.	3	3	Prospecting	Christine Barone, CEO & President.	Joshua Guenser, Chief Financial Officer.	Venki Krishnababu, Chief Technology & Information Officer (owns digital/app).	Weak fit / de-prioritize. Only conceivable angle = domestic CNP payment-cost + auth-rate optimization on Dutch Rewards mobile-order & reload volume; no cross-border/local-APM/multi-PSP story. Revisit only if international expansion announced.	Medium-low. High on firmographics/financials; LOW on payments stack (PSP undisclosed, no orchestrator evidence).	No
Chopt	https://www.choptsalad.com		US-only East-Coast salad fast-casual (~70 units); single-currency domestic merchant, no cross-border need = structurally weak Yuno fit (honest).	Food Delivery & Q-commerce		Fast-casual 'creative salad' chain (chopped salads, warm grain bowls, wraps); ~70+ US locations (https://en.wikipedia.org/wiki/Chopt).	B2C fast-casual/QSR; in-store + digital (own app/web) + third-party delivery marketplaces; loyalty (Chopt Rewards).	Mid-Market	United States (US-only, no international)	Brand: New York City; corporate parent Founders Table Restaurant Group, Rye Brook, NY.	~470 (Chopt, RocketReach, low confidence; 70+ restaurants imply a larger hourly workforce).	Private (L Catterton-backed Founders Table Restaurant Group).	~$160M US systemwide sales, 2024 (+14.6% YoY), Technomic Top 500 #239.	Not found	No public evidence of a named PSP/gateway. App lists Apple Pay & Google Pay for checkout (Google Play). Online-ordering/loyalty platform not disclosed (Olo could NOT be confirmed).	No public evidence of a payment orchestrator; unlikely for a US single-market chain.	No, no public evidence of multiple processors; single US-domestic stack presumed.	Apple Pay, Google Pay, and cards in app/web checkout; no other APMs confirmed.	Not found	Sweetgreen, Just Salad, Cava, Salad and Go. Sweetgreen is a more mature digital/payments operator.	Growth into southern US markets (NC, GA, TN); ~70+ units, +14.6% sales 2024; part of L Catterton-backed Founders Table roll-up (Chopt, Dos Toros, Protein Bar & Kitchen, Fieldtrip, Sweet Chick).	US-only, single-currency footprint = Yuno's core value (200+ countries, cross-border, 1,000+ local methods) does not apply; structurally weak fit.	Digital ordering/payments appear outsourced to a third-party restaurant-commerce stack; low in-house payment complexity and likely no dedicated payments team.	Best (thin) angle sits at parent level: L Catterton-backed Founders Table runs 5 US brands and could theoretically consolidate a payments stack, but all domestic, so cross-border ROI is absent.	Founders Table multi-brand scaling + PE (L Catterton) ownership could drive a payments-consolidation initiative; southern-US expansion, but none creates international need.	4	3	Prospecting	Nick Marsh, CEO Chopt / Founders Table Restaurant Group.	Tyler Mulkin, SVP Founders Table Restaurant Group.	Not found (no CTO/Head of Digital/Head of Payments public).	Weak fit. Only plausible angle = Founders Table group-level payments consolidation across 5 US brands; still US-domestic so Yuno's cross-border/local-methods thesis doesn't land. Deprioritize.	Low; revenue/units well-sourced (NRN/Technomic, Wikipedia); employees, PSP, orchestrator, traffic unverified or Not found.	No
Dig	https://www.diginn.com		Dig Inn: small US-only (~36-store) Northeast farm-to-table fast-casual, private, single-domestic processor, Yuno's global/cross-border value prop is largely irrelevant; honest weak fit, prospecting only.	Food Delivery & Q-commerce		Farm-to-table fast-casual chain; customizable scratch-cooked, locally-sourced bowls; dine-in, pickup, delivery, catering (https://en.wikipedia.org/wiki/Dig_(restaurant)).	B2C fast-casual restaurant (own-app + web ordering, delivery, catering, loyalty/rewards).	Mid-Market (small / lower-mid-market, ~36 units, private)	United States	New York City, NY (Manhattan).	Not found (private; ~36 locations across NY/MA/CT/NJ/PA/MD/VA).	Private	Not found (private; no verified revenue). Funding raised: early rounds $21.5M + $30M Series D + $20M Apr-2019 incl. $15M from Danny Meyer-backed fund.	Not found	No public evidence found (own iOS/web ordering + rewards; ordering platform and payment gateway not disclosed; order.diginn.com now redirects to diginn.com).	No, no evidence of a payment orchestrator; highly unlikely for a single-country ~36-unit chain.	No / no public evidence, single US domestic processor almost certain given US-only footprint (unverified).	Cards + own-app/web checkout, loyalty/rewards, gift cards, catering. Apple/Google Pay likely in-app but NOT confirmed. No public evidence of alternative/local methods.	Not found	Sweetgreen, Chopt, Cava, Just Salad, Chipotle. No competitor confirmed as a Yuno/orchestration user.	Rebranded 'Dig' back to 'Dig Inn' Jun-2025; named to Fast Company 2025 Top 100 Innovative Companies; ~36 stores as of Oct-2025 (modest Northeast + DC/Philly growth).	US-only, single-region (Northeast + DC/Philly) footprint, Yuno's 200+ country / cross-border acquiring value is not applicable; core disqualifier.	Small scale (~36 units) and private with no disclosed international ambition; volume/complexity too low to justify orchestration; likely a single domestic processor already meets needs.	Owns its digital stack (app, web ordering, delivery, rewards) but no public payments-tech signal, no orchestrator, no multi-PSP, no local-APM gap.	Rebrand back to Dig Inn (2025) + Fast Company recognition + digital/loyalty push, real momentum, but none creates a payments-orchestration need.	3	3	Prospecting	R. Adam Eskin, Founder (historically CEO; verify current title).	Not found	Not found	Weak-fit, no strong Yuno angle. Only conceivable (thin) angle: unified checkout/payment-cost consolidation across app+web+delivery domestically. Deprioritize/disqualify unless a multi-country expansion signal emerges.	Low; firmographics from Wikipedia/company site; payments stack entirely unverified (no public evidence).	No
Target	https://www.target.com		US-only big-box retailer with mature in-house payments; thin Yuno fit. Only wedge is Target Plus 3P marketplace scaling $1B->$5B GMV (hundreds of new sellers) = seller-payout/BNPL orchestration angle (already juggling Affirm+Sezzle+PayPal Pay-in-4).	E-commerce & Retail		Omnichannel general-merchandise big-box retailer (~1,850 US stores + target.com); owned + national brands, same-day/Drive Up/pickup, Target Plus 3P marketplace, Circle 360 membership, RedCard/Target Circle closed-loop card.	Retail: 1P merchandise (stores+digital) + 3P marketplace commission (5-15%) + membership (Circle 360) + financial products/loyalty (Target Circle Card profit-share w/ TD Bank) + ads (Roundel).	Enterprise	United States	Minneapolis, Minnesota, USA (1000 Nicollet Mall).	~415,000 employees (2025).	Public (NYSE: TGT)	Total revenue $104.8B full-year 2025 (FY ended ~Jan 31 2026), down 1.7% from $106.6B.	US-dominant: ~96.2% US, Canada ~0.61%, India ~0.39% (Semrush).	Closed-loop Target Circle Card / RedCard (credit via TD Bank through 2030; reloadable account was Pathward-issued, discontinued Apr 7 2026) + standard Visa/MC/Amex/Discover acceptance. Specific external merchant acquirer/gateway NOT disclosed, mature in-house payments org [card-partner + help-center].	No third-party payment orchestrator identified; payments handled in-house.	No, no public evidence of multiple external acquirers/PSPs; runs proprietary closed-loop card + in-house acquiring.	Visa, MC, Amex, Discover, PayPal (+ Pay in 4), Apple Pay/Google Pay/Samsung Pay, Affirm, Sezzle, Afterpay, Klarna, Zip (BNPL), Target GiftCards, RedCard/Target Circle Card, EBT/SNAP.	No systemic online payment-failure pattern found; declined-payment help points to issuing bank, not Target's stack (isolated PissedConsumer gripes; 2019 in-store outage predates scope).	Competitors: Walmart, Amazon, Costco, Kroger. Orchestration-relevant peers are cross-border/multi-geo; Target's single-country model differs. No orchestration at Target.	Target Plus marketplace scaling >$1B to $5B GMV over ~5 yrs, +20-60% YoY, hundreds of new sellers (Forever 21, Clarks, JanSport); Circle 360 same-day delivery to 100+ retailers (2025). All US-domestic, no international.	HONEST: structurally weak ICP. ~96% US traffic, single-country footprint, mature in-house payments/closed-loop-card org mean Yuno's core value (cross-border routing, local APMs, multi-PSP failover) is largely absent. No orchestration pain on core acquiring.	Only credible wedge = Target Plus 3P marketplace scaling $1B->$5B GMV with hundreds of new sellers -> split-payment/seller-payout orchestration + managing a growing BNPL stack (Affirm, Sezzle, PayPal Pay-in-4, Afterpay, Klarna, Zip) under one API. Narrow, and Target likely builds in-house.	RedCard/Target Circle Card is closed-loop (TD Bank issuer through 2030) and the reloadable variant is being sunset Apr 2026, no external processing gap; consumer checkout already offers the full wallet/APM/BNPL set. Incremental value low for a US-only merchant.	Timing: multi-year Target Plus $5B-GMV push (2025-2029) + soft comps (-2.6%) driving cost/efficiency focus. No cross-border or new-geography catalyst.	4	3	Prospecting	Matthew Levy, Sr. Director Payments & Prepaid, Target (Minneapolis).	Sarah Travis, Chief Digital & Revenue Officer, Target.	Pankaj Sharma, VP Service Centers (Retail, Payments & Team Member Ops), Target.	WEAK FIT, deprioritize for core acquiring. If touched at all, lead narrowly with Matthew Levy on Target Plus marketplace: one API to orchestrate seller payouts + the sprawling BNPL/wallet stack as 3P GMV scales toward $5B. Do NOT pitch cross-border/local-APM/multi-PSP routing (irrelevant for a US-only merchant). Long-term watch, not active outbound.	High on firmographics/revenue/footprint/APMs. Low: P/Q/R (no public disclosure of external acquirer/processor, inferred in-house), T (absence of evidence), any active payment-hiring signal (not verified).	No
Sam's Club	https://www.samsclub.com		Sam's Club is a Walmart division; payments are centralized under Walmart's mature in-house payments org (direct network acquiring, Walmart Pay, Scan & Go, One fintech). Orchestration value is limited at this scale. Only recurring surface worth a conversation = membership auto-renewal billing.	E-commerce & Retail		Membership-based warehouse club retailer (division of Walmart). In-club + e-commerce retail, Scan & Go mobile checkout, and recurring annual membership billing (https://en.wikipedia.org/wiki/Sam%27s_Club).	Membership warehouse club (retail); recurring subscription (annual membership auto-renew) + omnichannel retail/e-commerce (B2C and small-business B2B).	Enterprise	Primarily US (~602 clubs, 44 states + PR). Sam's Club-branded ops abroad remain under Walmart umbrella: Mexico ~173 (via Walmex), China ~48 (Walmart China). Former Brazil clubs now under Carrefour/Grupo Big.	Bentonville, Arkansas, USA.	~100,000 employees (2024, US Sam's Club).	Division of Walmart Inc. Ticker WMT, note: moved from NYSE to Nasdaq on Dec 9, 2025.	~$90.2B net sales FY2025 (Sam's Club US segment). Parent Walmart total revenue ~$713.2B FY2025.	Not found	Payments run on Walmart's in-house infrastructure: Sam's Club Scan & Go in-app checkout, Walmart Pay, and annual membership auto-renew billing. Co-branded Sam's Club Mastercard issued by Synchrony Bank. No public evidence of a third-party PSP or orchestrator (low confidence, stack not disclosed).	Effectively self-orchestrated in-house. Walmart operates its own payment rails (Walmart Pay, Scan & Go) and direct card-network acquiring at massive scale rather than a third-party orchestrator. Core reason for weak fit.	Not publicly disclosed. As one of the world's largest merchants, Walmart maintains direct/in-house acquiring; no public evidence of a specific multi-PSP configuration for Sam's Club.	Not fully verified (payment-methods page 403). Commonly documented: major cards (Visa/MC/Amex/Discover), Sam's Club Mastercard, Sam's Cash, gift cards, and Apple/Google Pay via Scan & Go/Walmart Pay.	Not found (membership auto-renewal disputes typical for the model but not sourced).	Costco, BJ's Wholesale Club. No public evidence US warehouse-club peers use a third-party orchestrator.	Aggressive US expansion: plan to open 30+ new clubs (announced 2024) + a Scan-&-Go-first club format (Grapevine, TX); AI receipt verification chain-wide by April 2025; Chris Nicholas President & CEO Jan 2024.	The only genuine recurring-payments surface is annual membership auto-renewal (Club ~$50/yr, Plus ~$110/yr) where dunning/retry/recovery matters, but it is tiny vs Walmart's scale and already handled in-house.	Payments centralized under Walmart's in-house payments org operating proprietary rails + direct network acquiring. Displacing or layering a third-party orchestrator over that is highly unlikely, weak fit.	International Sam's Club (Mexico via Walmex, China via Walmart China) run on regional Walmart payment stacks, not addressable through a US procurement motion; no single global payments decision-maker externally accessible.	Catalyst (weak): US club-count expansion (30+ new clubs) + tech modernization (AI receipt verification, Scan-&-Go-only stores) signals payments-tech investment, but the buildout is internal to Walmart, not an orchestration opening.	4	3	Prospecting	Not found (no third-party-addressable payments buyer; CEO Chris Nicholas is not a payments buyer; decisions sit within Walmart Global Tech).	Not found	Not found	Weak-fit. Best-effort angle if pursued = membership subscription auto-renewal recovery + LatAm local-APM coverage for Walmex-operated Sam's Club Mexico, but blocked by Walmart's in-house payments centralization and lack of an accessible external decision-maker.	Medium-low. Company/financial facts well sourced; payment-stack fields LOW confidence (Walmart in-house stack not disclosed, payment-methods page inaccessible). Correction: Walmart WMT moved NYSE->Nasdaq Dec 9, 2025.	No
BJ's Wholesale Club	https://www.bjs.com		US-only East-Coast warehouse club (NYSE: BJ), ~$21.5B rev, membership recurring billing + app, but 98.6% of web traffic is US and zero international footprint, so Yuno's cross-border / 1,000-method value is largely N/A. Honest weak fit.	E-commerce & Retail		Membership warehouse club; ~$21.46B net sales FY ended Jan 31 2026 (https://stockanalysis.com/stocks/bj/).	Membership-only warehouse retail (in-club + BJs.com e-commerce, curbside/same-day, gas); recurring annual membership fee (Easy Renewal auto-renew).	Enterprise	United States	Marlborough, Massachusetts, USA.	~35,000 employees (Jan 31, 2026).	Public (NYSE: BJ)	$21.46B revenue FY ended Jan 31, 2026 (+4.66% YoY).	bjs.com ~US rank #872, 98.62% of traffic from US (June 2026) (https://www.similarweb.com/website/bjs.com/).	No public evidence found of acquiring gateway/PSP for BJs.com checkout. Known: co-branded My BJ's Perks Mastercard. Specific processor undisclosed.	No public evidence of a payment orchestrator.	Not found, no public evidence of single vs multiple processors.	Not found, accepted online payment methods / digital wallets not publicly confirmed; bjs.com blocked scraping (403). In-club accepts EBT/SNAP and My BJ's Perks Mastercard.	Not found (BBB complaint data not loadable).	Costco, Sam's Club; none are known Yuno users.	First membership fee increase in 7 years (early 2025); ongoing digital/e-commerce + club expansion (250-267 clubs, 8M+ members, 22 states) under EVP CIDO Monica Schwartz, all US-domestic.	US-ONLY: operates exclusively across ~22 eastern-US states with no international operations; Yuno's 200+ country / cross-border acquiring value proposition does not apply.	98.6% of web traffic is US, a domestic single-currency payment footprint means minimal need for local APMs, FX, or multi-region PSP redundancy.	No public evidence of orchestration, multiple processors, or a payments-modernization program; recurring membership billing is domestic USD only, limited approval-uplift/recovery surface vs Yuno's global pitch.	Weak catalyst: digital/e-commerce investment + first membership-fee hike in 7 years could raise recurring-billing volume, but remains US-domestic.	3	3	Prospecting	Monica Schwartz, EVP Chief Information & Digital Officer.	Laura Felice, EVP Chief Financial Officer.	Robert 'Bob' Eddy, President & CEO.	Weak-fit: US-only warehouse club with no cross-border need. Only conceivable angle is domestic auth-rate uplift on membership auto-renewals + digital-checkout optimization, but no evidence of orchestration gap or multi-PSP setup; deprioritize until international or payments-modernization signal appears.	Medium on firmographics/traffic; LOW on payments stack, APMs, complaints (bjs.com/BBB blocked, marked Not found).	No
Kroger	https://www.kroger.com		WEAK FIT, US-only + just signed EXCLUSIVE single-processor deal w/ Worldpay (Oct 2025) across in-store/online/mobile (https://www.worldpay.com/en/press-releases/worldpay-signs-exclusive-agreement-power-krogers-payment); no orchestration or cross-border wedge. Deprioritize.	E-commerce & Retail		Largest US pure-play grocery retailer; ~2,700 supermarkets under multiple banners (Kroger, Ralphs, Fred Meyer, Smith's, King Soopers, Harris Teeter, Fry's), 11M+ customers daily. >$13B digital sales 2024.	Grocery/food retail (bricks + omnichannel e-commerce); alternative-profit: retail media/data (84.51°), Kroger Personal Finance, pharmacy, fuel.	Enterprise	United States	Cincinnati, Ohio, USA.	~420,000 associates.	Public (NYSE: KR)	$147.1B total sales FY2024 (ended Feb 1, 2025).	~99% United States (Canada 0.11%, India 0.04%); ~13.6M visits/mo.	Worldpay (formerly Vantiv) = exclusive processor for in-store, online & mobile as of Oct 2025; proprietary Kroger Pay wallet tied to 1-2-3 Rewards. [STRONG/CONFIRMED, vendor PR + trade press].	No, no orchestrator; opposite direction: signed EXCLUSIVE single-processor agreement with Worldpay across all channels.	No, exclusive Worldpay deal consolidates in-store/online/mobile to one processor (Oct 2025); Vantiv/Worldpay longtime processor.	Visa, MC, Amex, Discover, debit, cash, EBT/SNAP (digital across banners incl. Kroger.com & app), PayPal (online), Kroger Pay wallet, checks (some stores). Does NOT accept Apple Pay/Google Pay/Samsung Pay.	Not found (no verified checkout/complaint dataset). Documented friction: 2018-2019 Visa interchange-fee war (banned Visa credit at Foods Co. & Smith's/fuel), resolved Oct 2019.	Walmart, Albertsons (KR merger terminated Dec 2024), Costco, Amazon/Whole Foods, Target, Ahold Delhaize, Meijer, Safeway. Orchestration adoption among US grocery peers low (mostly in-house/single-acquirer).	Launched dedicated e-commerce business unit 2025 under EVP/CDO Yael Cosset; Worldpay exclusive Oct 2025; DoorDash/Ocado/Mirakl partnerships; Albertsons merger terminated Dec 2024; strategic review targeting +$400M e-comm operating profit in 2026.	HONEST BLOCKER: US-only, single-country operator (~99% US traffic), Yuno's core value (cross-border acquiring, local APMs, multi-country expansion) has no surface area.	Just locked an EXCLUSIVE, all-channel processing deal with Worldpay (Oct 2025), single-processor by design, contractually + strategically committed; near-zero appetite for orchestration short-term.	Mature in-house payments (proprietary Kroger Pay wallet, Kroger Personal Finance, 84.51° data). Only conceivable narrow angle = auth-rate lift/redundancy/tokenization atop Worldpay, weak vs a fresh exclusive contract.	Poor timing: Worldpay exclusive brand-new (Oct 2025) locks payments direction. E-comm unit standup + >$16B 2025 digital sales show scaling, but no orchestration trigger. Only re-look if KR pursues non-US expansion or sours on Worldpay exclusivity.	3	3	Prospecting	Yael Cosset, EVP & Chief Digital Officer (owns digital, e-commerce, Kroger Personal Finance).	Shashank Saxena, Director Digital & eCommerce (title may be dated).	Not found (no verified dedicated Head of Payments; payments under Kroger Personal Finance / Digital org).	WEAK FIT, recommend deprioritize/monitor. No orchestration hook: US-only removes cross-border/local-APM story, and the fresh exclusive Worldpay contract removes the multi-processor routing story. If ever touched, only credible thread is incremental auth-rate/decline-recovery + tokenization as a layer on top of Worldpay, or a future international ambition.	HIGH on payments stack (Worldpay exclusive via vendor PR + trade press), financials, US-only traffic, ICP verdict. LOW/Not-found: specific payment complaints (T), currency of contact2 title (AE), no verified payments/treasury contact (AF).	No
Albertsons	https://www.albertsons.com		US-only mega-grocer (~$80B, 2,271 stores, ~35 states, ZERO international). Yuno's cross-border + 1,000-APM/200-country engine has almost nothing to grab; only thin hook is US card auth-rate/retry at scale. Honest weak fit, score low.	E-commerce & Retail		US grocery retailer operating 2,271 stores across ~35 states under banners Safeway, Vons, Jewel-Osco, Acme, Shaw's, Tom Thumb, Randalls, Pavilions, Carrs, Haggen, United, Star Market; e-commerce pickup/delivery (DriveUp & Go), loyalty, retail media, pharmacy (https://en.wikipedia.org/wiki/Albertsons).	Grocery retail (in-store + e-commerce/pickup/delivery, loyalty, retail media, pharmacy), US domestic only.	Enterprise	United States	Boise, Idaho, USA.	~280,000 employees (~275,000 jobs cited).	Public (NYSE: ACI)	FY2024 net sales ~$80.4B (52 wks ended Feb 22, 2025); LTM through Q1 FY2025 ~$83.2B.	Not found	No public evidence found, no PSP/acquirer named in filings or press; online help/checkout pages access-blocked. Large US grocers typically run bank-acquirer/in-house processing (unverified for ACI).	No public evidence found of a payment orchestrator.	No public evidence found; single-currency US book, unlikely to need multi-processor orchestration.	Not publicly disclosed. Standard US grocery rails expected (cards, EBT/SNAP online, gift cards; wallets plausible) but not verified, pages returned 403/404. No cross-border or local APMs (US-only).	Not found, no payment-processing complaints surfaced. Public disputes = terminated Kroger merger (antitrust litigation) and ACI's countersuit, not payments.	Kroger, Walmart, Costco, Publix, Ahold Delhaize, Target. None are meaningful global orchestration users.	Kroger-Albertsons ~$25B merger TERMINATED Dec 11, 2024 (blocked by court); ACI collected $600M termination fee and sued Kroger seeking billions; now executing standalone strategy on digital, pharmacy, retail media. CEO transition (Vivek Sankaran -> successor) noted but not verified.	US-only: ~2,271 stores across ~35 states with zero international footprint and a single-currency (USD) book. Yuno's core value (200+ countries, 1,000+ local/alt methods, cross-border acquiring, FX) is largely irrelevant.	Payment need is domestic card + EBT/SNAP + wallets; no demand for local APMs, multi-currency, or cross-border routing. Any Yuno ROI limited to US card auth-rate uplift + failed-payment recovery, a thin, hard-to-differentiate wedge vs incumbent US processors.	Post-merger-termination, capital/attention is on domestic e-commerce, loyalty, pharmacy and retail media, not payments modernization or international, so no active orchestration catalyst.	Catalyst (weak for Yuno): Kroger merger terminated Dec 2024 -> standalone growth plan investing in digital/omnichannel; drives US e-commerce, not global payments.	3	3	Prospecting	Not found (target Head of Payments / VP Payments Product).	Not found (target VP/Head of Digital Commerce & e-Commerce Product).	Not found (target CIO/CTO or CISO owning payments/fraud).	Weak-fit. If ever pursued, angle = US card approval-rate optimization + failed-payment/retry recovery and consolidated payments visibility across banners, NOT global orchestration or local APMs. Recommend deprioritize vs cross-border ICPs.	HIGH on firmographics; LOW-CONF on payment stack (PSP/APM/orchestrator unverified, pages blocked). Contacts unverified.	No
Publix	https://www.publix.com		US-only Southeast grocery (8 states), private/employee-owned; e-commerce delivery fully outsourced to Instacart (which already runs Stripe/Stripe Connect as its own orchestration + Merchant of Record). No cross-border footprint, no owned consumer online payment stack to orchestrate = very weak Yuno fit.	E-commerce & Retail		Largest US employee-owned grocery chain; 1,442 stores; supermarket retail + Instacart-powered delivery + curbside pickup on publix.com + Presto! ATM network (https://en.wikipedia.org/wiki/Publix).	Brick-and-mortar grocery retail (owned stores) + omnichannel: curbside pickup on publix.com and home delivery via Instacart partnership (since 2016). B2C, domestic US only.	Enterprise	United States	Lakeland, Florida, USA.	~260,000 employees (as of May 2026).	Private (employee-owned), largest ESOP in the US; owned by present/past employees and the Jenkins family.	$63.2B revenue FY2025 (up from $60.2B FY2024); net income $4.73B FY2025.	Not found	In-store POS accepts debit/credit, EBT cash and SNAP; runs own Presto! ATM network. Online DELIVERY is powered by Instacart, which runs on Stripe/Stripe Connect (Instacart is Merchant of Record). Publix's OWN publix.com pickup-checkout PSP: No public evidence found (https://stripe.com/customers/instacart).	No, no orchestrator on Publix's own rails found. Its Instacart delivery channel is effectively orchestrated by Stripe Connect on Instacart's side, not Publix's.	No public evidence found of Publix running multiple processors on its own channel; delivery routes through Instacart/Stripe. Likely single domestic acquirer for owned checkout (unverified).	Owned/in-store: debit, credit, EBT cash + SNAP, Publix gift cards. Instacart-powered delivery adds Apple Pay, Google Pay, Klarna BNPL, cards, EBT SNAP. All USD, domestic.	Not found	Kroger, Walmart, Albertsons, Aldi, Whole Foods/Amazon Fresh. Publix's delivery is outsourced to Instacart (Stripe) so it isn't shopping for an orchestrator.	Expansion is domestic only: continued new-store growth and market entry into Kentucky (8th state); ~260k headcount. No international expansion or payments-org hiring signal.	US-only: operates in just 8 Southeast US states, single currency, domestic acquiring only. Yuno's core value (1,000+ methods, 200+ countries, cross-border approval uplift) is largely irrelevant to a single-country grocer.	E-commerce home delivery is fully outsourced to Instacart, which already uses Stripe + Stripe Connect (Merchant of Record) as its orchestration/payments layer, Publix owns no consumer online payment stack there to route or optimize.	Private, employee-owned, infrastructure-in-house culture (own Presto! ATM network, own POS). Low propensity to adopt a third-party orchestrator; no multi-PSP complexity or global-expansion pressure.	Catalyst (weak): growing curbside pickup on publix.com + Kentucky market entry, but all domestic; no international or multi-processor catalyst.	2	3	Prospecting	Kevin Murphy, CEO (low relevance to payments).	Todd Jones, Chairman (ex-CEO).	Not found (no named CFO/CIO/Head of Payments verified).	Weak-fit / de-prioritize. No genuine Yuno wedge: single-country domestic grocer; owned checkout is single-market USD; delivery already orchestrated via Instacart/Stripe. Only theoretical angle would be consolidating owned publix.com pickup-checkout, but no evidence of pain or multi-PSP complexity.	Medium on firmographics; PSP/APM specifics LOW-confidence (Publix discloses nothing on its own processor; no SimilarWeb/complaint corroboration).	No
H-E-B	https://www.heb.com		US+Mexico grocer ($46.5B) running two separate country checkouts, Texas e-comm/app on US card rails + heb.com.mx on OXXO/SPEI/cards, with no visible orchestration layer as delivery/app volume grows.	E-commerce & Retail		Privately held Texas-based supermarket chain (435+ stores) operating grocery retail, pharmacy, fuel, restaurants, delivery (Favor) and its own fintech (H-E-B Debit); also 86 stores in northern/central Mexico (https://en.wikipedia.org/wiki/H-E-B).	Omnichannel grocery retail (in-store POS + e-commerce/app curbside & home delivery); own-brand fintech (H-E-B Debit).	Enterprise	US (Texas core: 300+ stores) + Mexico (86 stores, 7 states: Nuevo Leon, Coahuila, Guanajuato, Tamaulipas, Aguascalientes, Queretaro, San Luis Potosi).	San Antonio, Texas, USA.	154,000 (2025).	Private (Butt family ~90%, employees ~10%).	US$46.5B revenue (FY2024).	heb.com ~13.7-13.9M monthly visits, ~#778 in US (2026); 58% direct traffic (similarweb.com/website/heb.com).	No public evidence found of a named online PSP/gateway. FreedomPay and Cybersource surface in generic grocery-payments searches but NEITHER is confirmed for H-E-B. Confirmed: in-store tap-to-pay rollout Oct 7 2024. Own fintech H-E-B Debit is Mastercard issued by Pathward N.A., serviced by Netspend Corp (Global Payments).	No evidence of a payment orchestrator (no Yuno/Spreedly/Gr4vy/Primer references found).	No, no public evidence of multiple online processors or a redundancy/failover setup; US and Mexico appear run as separate country stacks (heb.com vs heb.com.mx).	US: Visa/MC/Amex/Discover cards, SNAP/EBT, H-E-B gift cards + digital wallets Apple/Google/Samsung Pay (in-store tap-to-pay live Oct 7 2024). Mexico online (heb.com.mx/formas-de-pago): credit/debit cards, SPEI transfer, OXXO cash (Spin by OXXO), cash-on-delivery.	No payment-specific complaint pattern verified. General: ComplaintsBoard 1.3/5 across ~503 complaints (mostly service/product). H-E-B Debit routed to Netspend support.	Mexico: Walmart de Mexico (Bodega Aurrera), Soriana, Chedraui, La Comer; US: Walmart, Kroger, Costco. Grocery is a payment-orchestration laggard vertical.	Mexico: 86 stores across 7 states as of Oct 2024 (up from ~50), still expanding Mi Tienda del Ahorro discount format. US catalyst: launched digital-wallet tap-to-pay chain-wide Oct 7 2024, first time. Favor Delivery owned since 2018.	Genuine two-country operation but likely two disconnected payment stacks: US card rails on heb.com/app vs Mexico's OXXO/SPEI/card mix on heb.com.mx. Yuno's single API could unify both countries' online acceptance, add local-APM depth in Mexico, and standardize reporting/reconciliation across the border.	H-E-B only enabled basic digital wallets (Apple/Google/Samsung Pay) in Oct 2024, years behind peers, signaling a conservative, in-store-POS-centric payments org and long sales cycle; the modernization moment is real but the buying center is slow and card-terminal-oriented.	H-E-B already runs its own fintech (H-E-B Debit, 5% cash-back on own brands, via Pathward/Netspend), shows appetite to own the payment relationship and cut interchange; an orchestrator that could route the H-E-B Debit rail preferentially online (least-cost routing / higher auth) is a concrete value story.	Chain-wide digital-wallet/tap-to-pay launch (Oct 7 2024) = payments-modernization cycle underway; combined with continued Mexico store expansion and growing app/delivery volume = window to pitch unifying online acceptance across US+Mexico.	7	3	Prospecting	Not found (no payments/digital/e-comm leader identified via public search).	Not found, general leadership only: Howard Butt III (CEO), Roxanne Orsak (President, eff. Jan 2026), not payments owners.	Not found	Lead with the cross-border angle honestly: 'one API for US + Mexico online acceptance', consolidate Mexico local APMs (OXXO/SPEI/cards) and US card+wallet rails, add failover/redundancy and least-cost routing (including the owned H-E-B Debit rail) as app/curbside/delivery volume scales. Do NOT open with 'you lack an orchestrator'; open with unifying two country stacks + Mexico local-method depth.	Medium on firmographics/APMs; LOW on P/Q/R (no online PSP or orchestrator disclosed, inferred as separate country stacks). Private company = limited disclosure.	No
Meijer	https://www.meijer.com		Meijer is a US Midwest-only, single-country supercenter grocer (6 states) with no international/cross-border footprint, the core driver of Yuno's value (multi-country APMs, local acquiring, orchestration across 200+ markets) is largely absent. Honest weak fit (https://en.wikipedia.org/wiki/Meijer).	E-commerce & Retail		Privately held regional supercenter chain: groceries + general merchandise (~500 stores incl. 240-270+ supercenters) across 6 US states, plus e-commerce, home delivery, mPerks loyalty and Shop & Scan app.	Brick-and-mortar retail (supercenter grocery + general merchandise) with e-commerce/pickup/delivery; family-owned, US-domestic only.	Enterprise	United States (Midwest only: MI, IL, IN, KY, OH, WI)	Grand Rapids / Walker, Michigan, USA.	~70,000 employees.	Private (family-owned), 100% owned by the Meijer family via Meijer Companies Ltd.	~$22 billion (Forbes 2026; Wikipedia cites $21.95B FY2023).	Not found (Meijer.com blocks automated access).	No public evidence found of a named online payment processor/PSP. Verified: in 2014 Meijer was the first retailer to accept both Apple Pay and CurrentC in stores/fuel. Online checkout processor not disclosed.	No public evidence of a payment orchestrator.	No, no public evidence of multiple parallel processors. US-domestic single-country acceptance; likely single acquirer/processor (unverified).	Confirmed: Apple Pay (in-store/fuel, since 2014). EBT/SNAP and Meijer credit/gift cards standard for a US grocer but not independently verified; Meijer.com blocked. Other wallets not verified.	Not found	Kroger, Walmart, Target, Costco, Aldi. None are notable orchestration users.	Store-expansion momentum (not payments): Jul 2026 hiring for a new Southeast Michigan supercenter and a Fishers, Indiana store; planned expansion into Pennsylvania. No payments/fintech leadership hires found.	US-only: operates in just 6 contiguous Midwest US states with zero international presence, so there is no cross-border/multi-currency or local-APM-per-market problem for Yuno to solve.	Private, family-owned and conservative; payment stack is domestic and undisclosed, with no public evidence of orchestration, multiple processors, or a modernization RFP, no observable buying signal.	Payments innovation is loyalty/app-centric (mPerks, Shop & Scan, early Apple Pay adopter) rather than acquiring/optimization-driven; Yuno's approval-uplift/recovery pitch has thin domestic-only ROI.	Catalyst: physical store expansion into new markets/state (Pennsylvania) and ongoing new-store openings, a growth catalyst but domestic and not a payments-orchestration trigger.	3	3	Prospecting	Rick Keyes, President & CEO.	Not found (CFO / Head of Payments not verified).	Not found	Weak-fit. Only conceivable angle is domestic approval-rate uplift + declined-payment recovery on a single US rail (+7% approval / 50% recovery), but with no international footprint the ROI is limited; not a priority target.	Medium on firmographics; low on payments stack (Meijer.com blocked, no PSP disclosed).	No
Dollar General	https://www.dollargeneral.com		US #1 small-box discount retailer, ~20,000 stores but overwhelmingly cash/card IN-STORE; e-commerce is marginal (DG Pickup + DoorDash marketplace, no true ship-to-home cart) so there is almost no online-orchestration surface for Yuno. Honest weak fit.	E-commerce & Retail		Discount variety/dollar stores; ~20,388 stores across 48 US states + Mexico (https://en.wikipedia.org/wiki/Dollar_General).	B2C brick-and-mortar retail (consumables-led); thin omnichannel layer (app, pickup, third-party delivery).	Enterprise	United States (plus small Mexico pilot)	Goodlettsville, Tennessee, USA.	~170,000 (2023).	Public (NYSE: DG); S&P 500 component.	Net sales $40.6B fiscal 2024 (FY ended Jan 31, 2025) and $42.7B fiscal 2025 (FY ended Jan 30, 2026).	Not found (dollargeneral.com traffic modest vs store base, model is in-store).	No public evidence found of a named PSP/gateway. In-store: cash, cards, mobile wallets, SNAP/EBT; app supports DG Pickup + DoorDash. Processor not disclosed.	No public evidence of a payment orchestrator.	No, no public evidence of multiple processors; single-market US retail acquiring, processor undisclosed.	In-store SNAP/EBT and mobile wallets implied; no confirmed online APMs. DG app: DG Pickup, DG GO! scan-and-go, DoorDash same-day delivery.	Not found	Dollar Tree/Family Dollar, Walmart, Aldi, Five Below. None are known orchestration users.	International expansion into Mexico under 'Mi Super Dollar General' banner (first stores 2023-2024); ~20,388 stores as of Dec 2025; Hong Kong sourcing office. No public payments-team hiring signal.	US-only revenue base, ~99% of sales are domestic in-store cash/card; no cross-border acquiring need. Structurally weak fit.	E-commerce is minimal: DG's digital model is store pickup + third-party (DoorDash) delivery, not a global online checkout. Almost no multi-PSP / multi-APM online complexity.	Only international toehold is a small Mexico pilot ('Mi Super Dollar General'), still cash/card in-store, not yet an online-payments or local-APM problem. Any Yuno relevance is speculative and years out.	Catalyst (thin): Mexico expansion + any future push into real online/local-APM checkout could one day create cross-border acquiring/local-method needs, but no evidence this is on the roadmap today.	2	3	Prospecting	Todd Vasos, CEO (public exec; not payments-specific; verify).	Kelly Dilts, EVP & CFO (public exec; not payments-specific; verify).	Not found (no public Head of Payments / Payment Ops contact).	Weak-fit: no compelling near-term angle. Only conceivable future wedge is local-APM + cross-border acquiring IF Mexico e-commerce scales, speculative today. Deprioritize.	Medium on firmographics; low on payments stack (undisclosed) and contacts (C-suite public but unverified, not payments-specific).	No
Dollar Tree	https://www.dollartree.com		Weak fit: US-only, mostly in-store discount retailer with minimal e-commerce; Yuno's global-coverage / cross-border value proposition largely N/A. Only theoretical wedge is auth-rate uplift on its small DTC/bulk-order online channel.	E-commerce & Retail		US multi-price-point discount variety retailer (Dollar Tree banner; most items $1.25+); operates ~16,000+ stores (https://en.wikipedia.org/wiki/Dollar_Tree).	Brick-and-mortar discount retail (card-present dominant); small direct-to-consumer / bulk online channel via dollartree.com.	Enterprise	United States	Chesapeake, Virginia, USA.	~153,000 total employees (stockanalysis.com, 2026); 65,894 full-time reported 2024.	Public (NASDAQ: DLTR)	~$19.75B revenue TTM (continuing operations, post Family Dollar divestiture) as of 2026. Prior consolidated (incl. Family Dollar) ~$30.6B FY2024.	~3.9M visits/month (11.7M over 3 mo), US web rank #871 (Jun 2026), tiny digital footprint relative to ~$19B revenue = overwhelmingly in-store.	No public evidence found, dollartree.com payment/checkout pages not publicly retrievable; likely major card networks + possibly PayPal on the DTC channel but unverified.	No public evidence found (no indication of a payment orchestrator).	No public evidence found, no evidence of multiple processors; a single US acquirer would plausibly suffice.	Not found, could not verify online APMs (payment page inaccessible; no confirmed PayPal/Apple/Google Pay/BNPL).	Not found	Dollar General (NYSE: DG), Five Below, Walmart, Aldi. No known orchestration adopters among US dollar-store peers.	Divested Family Dollar for ~$1B to Brigade Capital + Macellum Capital, completed July 7, 2025; Michael C. Creedon Jr. named permanent CEO Dec 2024.	US-only, zero international footprint, no cross-border acquiring or local-APM need; fit is structurally weak.	Overwhelmingly card-present, in-store revenue; online channel is ~3.9M visits/mo, a tiny digital-payments TAM against ~$19B revenue, limiting orchestration ROI.	Post-divestiture single-banner (Dollar Tree) focus keeps the business domestic and physical-retail-led; standard US card networks + one acquirer sufficient, no orchestration gap.	Catalyst = Family Dollar divestiture completed Jul 2025 + new CEO; frees capital/focus, but no payments-orchestration trigger and no international/e-comm pivot announced.	2	3	Prospecting	Michael C. Creedon Jr., CEO (permanent since Dec 2024).	Not found	Not found	Weak-fit / deprioritize. No cross-border or local-APM need; only conceivable angle is auth-rate/uplift on the small DTC-and-bulk online checkout, too small to justify orchestration. Revisit only if they announce international expansion or an e-commerce push.	High confidence in low score. Firmographics verified; payment stack (PSP/APMs) unverified (inaccessible checkout pages), low-confidence on those fields.	No
Home Depot	https://www.homedepot.com		Multi-market big-box retailer (US + Mexico + Canada) with a mature self-built in-house payments org and NO third-party orchestrator. Real Yuno wedge is narrow but real: Mexico local acquiring/APMs (meses-sin-intereses installments, OXXO/SPEI) + integrating newly-acquired SRS/GMS Pro-B2B payment stacks + high-ticket approval/recovery uplift at $160B+ GMV. Layer-on (not rip-and-replace), a la Hertz.	E-commerce & Retail		World's largest home-improvement retailer; 2,359 stores across US (incl. PR/USVI/Guam), Canada, and Mexico; building materials, tools, appliances, decor and services to DIY consumers and professional (Pro) contractors.	Omnichannel big-box retail (in-store + homedepot.com) plus fast-growing Pro/B2B specialty trade distribution (SRS Distribution, GMS). High-ticket, big-basket; consumer & Pro credit programs (Citi-issued cards); bank-partnered installments in Mexico.	Enterprise	Primary US; also Canada and Mexico (each on its own storefront: homedepot.com / homedepot.ca / homedepot.com.mx).	Atlanta, Georgia, USA.	~472,400 associates (FY2025, ended Feb 1, 2026); 89.4% US / 6.7% Canada / 3.8% Mexico / 0.1% other.	Public (NYSE: HD)	$164.7B total sales fiscal 2025 (ended Feb 1, 2026), +3.2% YoY (FY2024 $152.7B).	homedepot.com ~73M visits/mo, ~97.73% US, 1.02% Canada, 0.28% Mexico, 0.10% PR (Similarweb, Jun 2026). Mexico and Canada on separate localized sites.	No public evidence of a named external PSP/orchestrator. Signals point to a mature in-house payments org (VP/Treasurer over Payments & Financial Services, Dwaine Kimmet) that historically self-processes/uses bank acquirers (First Data/Fiserv era); 2014 breach on its own self-checkout POS. Consumer/Pro credit cards Citi-issued; Mexico installments anchored on Banamex [indirect evidence].	No public evidence of a third-party payment orchestrator; appears self-orchestrated in-house.	Likely Yes, multi-country ops (US/Canada/Mexico separate storefronts + acquired SRS/GMS distributors) imply multiple acquirers/processors, but no public source names them.	Mexico (confirmed): 'meses sin intereses' (MSI) card installments up to 18 months across many issuers (Home Depot Banamex, Banamex, Banco Azteca, Afirme, Amex, BanBajio); Banamex-anchored. OXXO/SPEI standard MX rails but Home Depot MX support not individually confirmed. US: Visa/MC/Amex/Discover + Home Depot Consumer Credit Card & Pro Xtra (Citi-issued).	2014 data breach: ~56M payment cards compromised via malware on self-checkout POS; ~$179M total cost; $17.5M multistate settlement (2020). No recent systemic payment complaints found.	Competitors: Lowe's (primary), Menards, Ace Hardware; e-comm overlap Wayfair, Walmart, Amazon. Orchestration adoption among large US omnichannel retailers mixed/not disclosed.	Aggressive Pro/B2B M&A: acquired SRS Distribution June 18, 2024 ($18.25B EV); SRS/Home Depot completed acquisition of GMS Sept 4, 2025 ($5.5B EV), adding US+Canada specialty building-products distribution; adds ~$50B+ addressable Pro market.	Pain: Home Depot runs separate localized checkout/acquiring per country (Mexico Banamex-anchored MSI installments + regional bank cards; Canada on homedepot.ca), each a distinct integration and acquiring relationship. Value: Yuno's single API can unify MX+CA local acquiring, expand APM coverage (OXXO cash, SPEI, MSI routed across issuers), lift approval on cross-border/local rails. Best case: +7% approval and one integration replacing per-country builds, without ripping out incumbent processors.	Pain: SRS ($18.25B) + GMS ($5.5B) bolt in large Pro/B2B distributors with their own disparate billing/AR, high-ticket invoicing, net-terms and contractor-payout flows across US+Canada. Value: orchestration is the classic consolidation layer to normalize card/ACH/net-terms and payouts across acquired stacks via one API. Best case: single payments layer across HD + SRS + GMS.	Pain: at $160B+ GMV with big-ticket baskets and a self-built stack (no orchestrator), even fractional false-decline losses are enormous, and there's no smart-routing/retry/recovery layer above their processors. Value: Yuno layers on (not replaces), smart routing, retries, network tokenization, 50% recovery. Best case: measurable approval/recovery uplift on the highest-AOV retail volume.	Timing: GMS acquisition closed Sept 4, 2025 and SRS June 2024, active 2025-2026 integration of acquired Pro/B2B payment systems (natural consolidation window). Business returned to growth FY2025 ($164.7B, +3.2%).	8	3	Prospecting	Dwaine Kimmet, VP/Treasurer Financial Services & Payments (owns payments).	Richard McPhail, EVP & Chief Financial Officer.	Jordan Broggi, EVP Customer Experience & President Online (owns homedepot.com checkout/e-comm).	Do NOT lead with 'you lack an orchestrator' (they self-orchestrate in-house). Lead with two specific wedges: (1) unify Mexico + Canada local acquiring/APMs and route MSI installments across issuers to lift approval; (2) consolidate SRS/GMS acquired payment stacks during the current integration window. Frame as layer-on-top (Hertz-style), not rip-and-replace; quantify approval/recovery uplift on high-ticket GMV. Target Dwaine Kimmet with Jordan Broggi (Online) as e-comm champion.	Medium. HIGH: revenue, employees, HQ, NYSE, SRS/GMS M&A, 2014 breach, Mexico installments/Banamex, leadership, traffic geo-mix. LOW: exact current PSP/acquirer (indirect only), orchestrator (inferred absence), multiple-processors (inferred, unnamed), US APM specifics beyond cards/Citi, Kimmet's exact title.	No
CVS	https://www.cvs.com		Weak/low-priority. US-only mega-retailer already running a mature multi-rail in-house payments org (PayPal+Venmo QR in-store since 2020, PayPal online). No cross-border, no international expansion, no orchestrator gap that Yuno's core value (200+ countries, local APMs) addresses. Only conceivable wedge = domestic online-checkout approval-rate/alt-payment optimization.	E-commerce & Retail		CVS Health = integrated US healthcare company: retail pharmacy/front-store retail (9,000+ US stores), pharmacy benefit manager (Caremark), and health insurance (Aetna).	Omnichannel healthcare conglomerate: retail pharmacy + front-store consumer retail (B2C), PBM services (B2B2C), health insurance premiums (Aetna). ExtraCare loyalty drives high-frequency retail. Consumer card/APM payments a small slice of a mostly insurance/PBM revenue base.	Enterprise	United States	Woonsocket, Rhode Island, USA (1 CVS Drive).	~300,000 employees (2024).	Public (NYSE: CVS)	$372.8B total revenue FY2024 (+4.2% YoY).	cvs.com ~91.3M visits/mo; ~99% US traffic.	No public evidence of a named PSP/acquirer. Enterprise-scale direct/in-house acquiring assumed (Fiserv/FIS/Chase tier, not disclosed). In-store PayPal/Venmo QR via PayPal; online accepts Visa/MC/Amex/Discover, PayPal, FSA/HSA cards, CVS gift cards [inferred, no disclosure].	No public evidence of a third-party payment orchestrator; payments appear built/managed in-house.	No public evidence of specific processors named; multi-rail acceptance (cards, PayPal, Venmo, FSA/HSA) implies multiple integrations but count not disclosed.	PayPal (online + in-store QR), Venmo (in-store QR), FSA/HSA cards, CVS gift cards, Visa/MC/Amex/Discover; Apple Pay accepted in-store but NOT on cvs.com; legacy 'CVS Pay' deprecated.	BBB/consumer complaints on overcharges, double-charges and frozen-checkout transactions; cvs.com requires CVV, rejects PayPal-branded cards, prepaid cards and checks.	Competitors: Walgreens (Walgreens Boots Alliance), Rite Aid, Walmart pharmacy, Amazon Pharmacy. No public evidence CVS or these peers use a third-party orchestrator.	Contraction, not expansion: ~600+ HQ layoffs Oct 2024 and multi-year store-closure program; CEO change to David Joyner (Oct 2024). No international or payments-team expansion signals.	Honest: US-only footprint structurally kills the Yuno fit. Yuno's differentiators (cross-border acquiring, 200+ countries, local APMs, multi-processor routing) largely irrelevant to a domestic-only operator. Aetna serves members abroad but that is insurance networks, not consumer checkout.	Mature in-house payments + direct enterprise acquiring at CVS scale means any Yuno engagement is a rip-and-replace against an internal team with entrenched vendor relationships, high switching cost, long procurement, low win probability.	Only narrow wedge is domestic e-commerce checkout: approval-rate uplift, decline recovery, and alt-payment/HSA-FSA/BNPL expansion on cvs.com. Even here scale, in-house bias, and cost-cutting make adoption unlikely near-term.	Anti-catalyst: new CEO Joyner running a margin/turnaround agenda (store closures, layoffs) = cost discipline and vendor consolidation, not new payments-vendor onboarding. Timing unfavorable.	3	3	Prospecting	Christophe Griffiths, VP Head of Retail Innovation & Business Acceleration (closest to commerce/checkout) [low-conf title].	Michael Sommer, CFO Enterprise Digital, Marketing & Analytics [low-conf title].	Amaresh Siva, SVP Chief Digital & Technology Officer (Health Care Delivery) [low-conf title].	Weak fit, recommend deprioritize. If touched at all, do NOT lead with global orchestration; lead narrowly with domestic online-checkout auth-rate uplift + decline recovery + HSA/FSA and BNPL expansion on cvs.com. Realistically not a Yuno ICP given US-only + in-house maturity.	Medium on firmographics. LOW: P/R (no PSP/acquirer or processor count disclosed), S (APM list partly third-party), AD/AE/AF (titles from TheOrg, may be stale; no verified payments-owner).	No
Walgreens	https://www.walgreens.com		Post-split Walgreens is now a US-only retail pharmacy: Sycamore take-private (completed 28 Aug 2025) carved WBA into 5 companies, moving the multi-market footprint (UK/IE/DE/MX/TH) into the separate 'The Boots Group.' Mature in-house payments, no public orchestration gap. Honest read: weak fit for standalone Walgreens; the real cross-border angle now lives in Boots as a distinct account (https://en.wikipedia.org/wiki/Walgreens_Boots_Alliance).	E-commerce & Retail		Retail pharmacy + convenience/health-&-beauty retail + Rx/health services; ~12,712 locations (2024), US brands Walgreens & Duane Reade.	B2C omnichannel retail pharmacy, in-store + walgreens.com e-commerce + prescription/health services.	Enterprise	US (Walgreens, Duane Reade). Historic international via Boots (UK, Ireland, Germany, Mexico, Thailand + ME/Indonesia franchises) but Boots was separated into 'The Boots Group' in the Aug 2025 Sycamore split.	Deerfield, Illinois, USA.	312,000 employees (WBA consolidated, FY2024, pre-split); Boots segment ~66,400. Standalone post-split Walgreens ~245K (est.).	Private. Formerly Nasdaq: WBA; taken private by Sycamore Partners, announced Mar 2025, completed 28 Aug 2025 (~$10B), then split into 5 companies (Walgreens, The Boots Group, VillageMD, CareCentrix, Shields Health Solutions).	$147.7B revenue, FY2024 (WBA consolidated, pre-split). Boots segment ~$23.6B annual sales.	~20M monthly visits (61M over 3 months); global rank #581, US #135, #1 Health category (US); June 2026 (similarweb.com/website/walgreens.com).	No public evidence found of a named third-party PSP. Enterprise scale implies in-house payments team + direct bank-acquirer relationships. (walgreens.com payment pages returned HTTP 403.)	No public evidence found (Not found).	Not found / no public evidence. Large enterprise retail typically runs direct acquirer relationships, unconfirmed publicly.	Not found, walgreens.com ways-to-pay/help pages returned 403. Pharmacy-specific rails likely present (cards, HSA/FSA, SNAP EBT online, gift cards, PayPal/Apple/Google Pay) but UNVERIFIED.	Payment/billing-specific complaints: Not found (BBB profile not retrievable). Documented operational stress: only 75% of ~8,600 US stores profitable and 2,000+ closures planned by 2027.	CVS Health (primary US), Rite Aid, Amazon Pharmacy, Walmart & Kroger pharmacy; UK: Boots (now a sibling entity), Superdrug. Orchestration more common among cross-border retail peers than US-domestic pharmacy chains.	Sycamore Partners take-private completed 28 Aug 2025 (~$10B); WBA split into 5 companies. 2,000+ US store closures by 2027 (announced Jun 2024). 2021: sold Alliance Healthcare wholesale to AmerisourceBergen ($6.28B). Payments/treasury hires: Not found.	US + UK/Boots multi-market: the cross-border complexity that actually fits Yuno now sits in the newly-separated 'The Boots Group' (UK/IE/DE/MX/TH + ME/Indonesia franchises, ~3,912 shops, ~$23.6B), NOT in standalone Walgreens, so the multi-market play means opening Boots as its own PE-owned account.	Core Walgreens is US-domestic with pharmacy-specific rails (HSA/FSA, SNAP EBT, insurance/copay adjudication) that fall largely outside Yuno's card/APM/cross-border wheelhouse; mature in-house payments make displacement hard.	Sycamore (PE) ownership + turnaround/cost mandate could theoretically open an auth-rate-uplift / processing-cost conversation on the ~20M-visit e-commerce channel, but the org is mid-restructure (5-way carve-out + 2,000 store closures), so near-term budget/attention is likely low.	Sycamore take-private completed Aug 2025 + 5-way corporate split = new standalone capital structures and PE cost mandates; carve-out integration is the natural moment for a payments-stack/cost review.	5	3	Prospecting	Not found	Not found	Not found	Two-track: (1) Standalone Walgreens, lead with PE cost-optimization (processing-cost reduction + authorization-rate uplift on the ~20M-visit walgreens.com channel), acknowledging mature in-house stack, layer not rip-and-replace. (2) Higher-fit: pursue 'The Boots Group' as a separate account needing cross-border local acquiring + APM orchestration across UK/IE/DE/MX/TH and franchise markets.	Medium-high on corporate facts (revenue, employees, Sycamore deal, footprint, traffic). LOW on payments stack (PSP, orchestrator, multi-processor, APMs, complaints UNVERIFIED, pages 403). Contacts unverified.	No
